# Ratio Edge Cases Log — Generated 2026-09-16T20:03:08.896443
# Total entries: 1281

--- Entry 1 ---
Company:     INDIGO
Year:        2024-03
Metric:      OPM
Computed:    76.3
Source:      16331.0
Difference:  16254.7
Category:    formula discrepancy
Explanation: Computed OPM (76.30%) differs from source opm_percentage (16331.0%) by 16254.70%

--- Entry 2 ---
Company:     ADANIENSOL
Year:        2024-03
Metric:      OPM
Computed:    34.39
Source:      30.0
Difference:  4.39
Category:    formula discrepancy
Explanation: Computed OPM (34.39%) differs from source opm_percentage (30.0%) by 4.39%

--- Entry 3 ---
Company:     AXISBANK
Year:        2024-03
Metric:      OPM
Computed:    34.69
Source:      11952.0
Difference:  11917.31
Category:    formula discrepancy
Explanation: Computed OPM (34.69%) differs from source opm_percentage (11952.0%) by 11917.31%

--- Entry 4 ---
Company:     AXISBANK
Year:        2023-03
Metric:      OPM
Computed:    34.16
Source:      13857.0
Difference:  13822.84
Category:    formula discrepancy
Explanation: Computed OPM (34.16%) differs from source opm_percentage (13857.0%) by 13822.84%

--- Entry 5 ---
Company:     AXISBANK
Year:        2022-03
Metric:      OPM
Computed:    44.47
Source:      3170.0
Difference:  3125.53
Category:    formula discrepancy
Explanation: Computed OPM (44.47%) differs from source opm_percentage (3170.0%) by 3125.53%

--- Entry 6 ---
Company:     AXISBANK
Year:        2021-03
Metric:      OPM
Computed:    50.12
Source:      -2510.0
Difference:  2560.12
Category:    formula discrepancy
Explanation: Computed OPM (50.12%) differs from source opm_percentage (-2510.0%) by 2560.12%

--- Entry 7 ---
Company:     AXISBANK
Year:        2020-03
Metric:      OPM
Computed:    55.98
Source:      -9859.0
Difference:  9914.98
Category:    formula discrepancy
Explanation: Computed OPM (55.98%) differs from source opm_percentage (-9859.0%) by 9914.98%

--- Entry 8 ---
Company:     AXISBANK
Year:        2019-03
Metric:      OPM
Computed:    49.39
Source:      -5447.0
Difference:  5496.39
Category:    formula discrepancy
Explanation: Computed OPM (49.39%) differs from source opm_percentage (-5447.0%) by 5496.39%

--- Entry 9 ---
Company:     AXISBANK
Year:        2018-03
Metric:      OPM
Computed:    63.12
Source:      -10277.0
Difference:  10340.12
Category:    formula discrepancy
Explanation: Computed OPM (63.12%) differs from source opm_percentage (-10277.0%) by 10340.12%

--- Entry 10 ---
Company:     AXISBANK
Year:        2017-03
Metric:      OPM
Computed:    53.45
Source:      -5715.0
Difference:  5768.45
Category:    formula discrepancy
Explanation: Computed OPM (53.45%) differs from source opm_percentage (-5715.0%) by 5768.45%

--- Entry 11 ---
Company:     AXISBANK
Year:        2016-03
Metric:      OPM
Computed:    32.61
Source:      3466.0
Difference:  3433.39
Category:    formula discrepancy
Explanation: Computed OPM (32.61%) differs from source opm_percentage (3466.0%) by 3433.39%

--- Entry 12 ---
Company:     AXISBANK
Year:        2015-03
Metric:      OPM
Computed:    31.36
Source:      3097.0
Difference:  3065.64
Category:    formula discrepancy
Explanation: Computed OPM (31.36%) differs from source opm_percentage (3097.0%) by 3065.64%

--- Entry 13 ---
Company:     AXISBANK
Year:        2014-03
Metric:      OPM
Computed:    31.47
Source:      2307.0
Difference:  2275.53
Category:    formula discrepancy
Explanation: Computed OPM (31.47%) differs from source opm_percentage (2307.0%) by 2275.53%

--- Entry 14 ---
Company:     AXISBANK
Year:        2013-03
Metric:      OPM
Computed:    30.58
Source:      1353.0
Difference:  1322.42
Category:    formula discrepancy
Explanation: Computed OPM (30.58%) differs from source opm_percentage (1353.0%) by 1322.42%

--- Entry 15 ---
Company:     BANKBARODA
Year:        2014-03
Metric:      OPM
Computed:    29.78
Source:      809.0
Difference:  779.22
Category:    formula discrepancy
Explanation: Computed OPM (29.78%) differs from source opm_percentage (809.0%) by 779.22%

--- Entry 16 ---
Company:     BANKBARODA
Year:        2013-03
Metric:      OPM
Computed:    30.05
Source:      1006.0
Difference:  975.95
Category:    formula discrepancy
Explanation: Computed OPM (30.05%) differs from source opm_percentage (1006.0%) by 975.95%

--- Entry 17 ---
Company:     BAJFINANCE
Year:        2024-03
Metric:      OPM
Computed:    29.29
Source:      19987.0
Difference:  19957.71
Category:    formula discrepancy
Explanation: Computed OPM (29.29%) differs from source opm_percentage (19987.0%) by 19957.71%

--- Entry 18 ---
Company:     BAJFINANCE
Year:        2023-03
Metric:      OPM
Computed:    30.65
Source:      16018.0
Difference:  15987.35
Category:    formula discrepancy
Explanation: Computed OPM (30.65%) differs from source opm_percentage (16018.0%) by 15987.35%

--- Entry 19 ---
Company:     BAJFINANCE
Year:        2022-03
Metric:      OPM
Computed:    37.55
Source:      9906.0
Difference:  9868.45
Category:    formula discrepancy
Explanation: Computed OPM (37.55%) differs from source opm_percentage (9906.0%) by 9868.45%

--- Entry 20 ---
Company:     BAJFINANCE
Year:        2021-03
Metric:      OPM
Computed:    40.64
Source:      6314.0
Difference:  6273.36
Category:    formula discrepancy
Explanation: Computed OPM (40.64%) differs from source opm_percentage (6314.0%) by 6273.36%

--- Entry 21 ---
Company:     BAJFINANCE
Year:        2020-03
Metric:      OPM
Computed:    34.73
Source:      7608.0
Difference:  7573.27
Category:    formula discrepancy
Explanation: Computed OPM (34.73%) differs from source opm_percentage (7608.0%) by 7573.27%

--- Entry 22 ---
Company:     BAJFINANCE
Year:        2019-03
Metric:      OPM
Computed:    29.5
Source:      6310.0
Difference:  6280.5
Category:    formula discrepancy
Explanation: Computed OPM (29.50%) differs from source opm_percentage (6310.0%) by 6280.50%

--- Entry 23 ---
Company:     BAJFINANCE
Year:        2018-03
Metric:      OPM
Computed:    32.28
Source:      3935.0
Difference:  3902.72
Category:    formula discrepancy
Explanation: Computed OPM (32.28%) differs from source opm_percentage (3935.0%) by 3902.72%

--- Entry 24 ---
Company:     BAJFINANCE
Year:        2017-03
Metric:      OPM
Computed:    32.6
Source:      2867.0
Difference:  2834.4
Category:    formula discrepancy
Explanation: Computed OPM (32.60%) differs from source opm_percentage (2867.0%) by 2834.40%

--- Entry 25 ---
Company:     BAJFINANCE
Year:        2016-03
Metric:      OPM
Computed:    32.25
Source:      1986.0
Difference:  1953.75
Category:    formula discrepancy
Explanation: Computed OPM (32.25%) differs from source opm_percentage (1986.0%) by 1953.75%

--- Entry 26 ---
Company:     BAJFINANCE
Year:        2015-03
Metric:      OPM
Computed:    32.49
Source:      1367.0
Difference:  1334.51
Category:    formula discrepancy
Explanation: Computed OPM (32.49%) differs from source opm_percentage (1367.0%) by 1334.51%

--- Entry 27 ---
Company:     BANKBARODA
Year:        2024-03
Metric:      OPM
Computed:    37.49
Source:      4102.0
Difference:  4064.51
Category:    formula discrepancy
Explanation: Computed OPM (37.49%) differs from source opm_percentage (4102.0%) by 4064.51%

--- Entry 28 ---
Company:     BANKBARODA
Year:        2023-03
Metric:      OPM
Computed:    40.45
Source:      6329.0
Difference:  6288.55
Category:    formula discrepancy
Explanation: Computed OPM (40.45%) differs from source opm_percentage (6329.0%) by 6288.55%

--- Entry 29 ---
Company:     BANKBARODA
Year:        2022-03
Metric:      OPM
Computed:    51.12
Source:      -2948.0
Difference:  2999.12
Category:    formula discrepancy
Explanation: Computed OPM (51.12%) differs from source opm_percentage (-2948.0%) by 2999.12%

--- Entry 30 ---
Company:     BANKBARODA
Year:        2021-03
Metric:      OPM
Computed:    51.23
Source:      -6957.0
Difference:  7008.23
Category:    formula discrepancy
Explanation: Computed OPM (51.23%) differs from source opm_percentage (-6957.0%) by 7008.23%

--- Entry 31 ---
Company:     BANKBARODA
Year:        2020-03
Metric:      OPM
Computed:    51.44
Source:      -11728.0
Difference:  11779.44
Category:    formula discrepancy
Explanation: Computed OPM (51.44%) differs from source opm_percentage (-11728.0%) by 11779.44%

--- Entry 32 ---
Company:     BANKBARODA
Year:        2019-03
Metric:      OPM
Computed:    48.79
Source:      -5414.0
Difference:  5462.79
Category:    formula discrepancy
Explanation: Computed OPM (48.79%) differs from source opm_percentage (-5414.0%) by 5462.79%

--- Entry 33 ---
Company:     BANKBARODA
Year:        2018-03
Metric:      OPM
Computed:    56.65
Source:      -9197.0
Difference:  9253.65
Category:    formula discrepancy
Explanation: Computed OPM (56.65%) differs from source opm_percentage (-9197.0%) by 9253.65%

--- Entry 34 ---
Company:     BANKBARODA
Year:        2017-03
Metric:      OPM
Computed:    43.28
Source:      -4372.0
Difference:  4415.28
Category:    formula discrepancy
Explanation: Computed OPM (43.28%) differs from source opm_percentage (-4372.0%) by 4415.28%

--- Entry 35 ---
Company:     BANKBARODA
Year:        2016-03
Metric:      OPM
Computed:    55.44
Source:      -11700.0
Difference:  11755.44
Category:    formula discrepancy
Explanation: Computed OPM (55.44%) differs from source opm_percentage (-11700.0%) by 11755.44%

--- Entry 36 ---
Company:     BANKBARODA
Year:        2015-03
Metric:      OPM
Computed:    29.98
Source:      902.0
Difference:  872.02
Category:    formula discrepancy
Explanation: Computed OPM (29.98%) differs from source opm_percentage (902.0%) by 872.02%

--- Entry 37 ---
Company:     CHOLAFIN
Year:        2014-03
Metric:      OPM
Computed:    28.42
Source:      578.0
Difference:  549.58
Category:    formula discrepancy
Explanation: Computed OPM (28.42%) differs from source opm_percentage (578.0%) by 549.58%

--- Entry 38 ---
Company:     CHOLAFIN
Year:        2013-03
Metric:      OPM
Computed:    26.77
Source:      472.0
Difference:  445.23
Category:    formula discrepancy
Explanation: Computed OPM (26.77%) differs from source opm_percentage (472.0%) by 445.23%

--- Entry 39 ---
Company:     CANBK
Year:        2024-03
Metric:      OPM
Computed:    41.75
Source:      -7745.0
Difference:  7786.75
Category:    formula discrepancy
Explanation: Computed OPM (41.75%) differs from source opm_percentage (-7745.0%) by 7786.75%

--- Entry 40 ---
Company:     CANBK
Year:        2023-03
Metric:      OPM
Computed:    49.8
Source:      -9877.0
Difference:  9926.8
Category:    formula discrepancy
Explanation: Computed OPM (49.80%) differs from source opm_percentage (-9877.0%) by 9926.80%

--- Entry 41 ---
Company:     CANBK
Year:        2022-03
Metric:      OPM
Computed:    58.39
Source:      -13657.0
Difference:  13715.39
Category:    formula discrepancy
Explanation: Computed OPM (58.39%) differs from source opm_percentage (-13657.0%) by 13715.39%

--- Entry 42 ---
Company:     CANBK
Year:        2021-03
Metric:      OPM
Computed:    61.83
Source:      -18367.0
Difference:  18428.83
Category:    formula discrepancy
Explanation: Computed OPM (61.83%) differs from source opm_percentage (-18367.0%) by 18428.83%

--- Entry 43 ---
Company:     CANBK
Year:        2020-03
Metric:      OPM
Computed:    53.88
Source:      -12867.0
Difference:  12920.88
Category:    formula discrepancy
Explanation: Computed OPM (53.88%) differs from source opm_percentage (-12867.0%) by 12920.88%

--- Entry 44 ---
Company:     CANBK
Year:        2019-03
Metric:      OPM
Computed:    56.73
Source:      -11590.0
Difference:  11646.73
Category:    formula discrepancy
Explanation: Computed OPM (56.73%) differs from source opm_percentage (-11590.0%) by 11646.73%

--- Entry 45 ---
Company:     CANBK
Year:        2018-03
Metric:      OPM
Computed:    61.87
Source:      -13350.0
Difference:  13411.87
Category:    formula discrepancy
Explanation: Computed OPM (61.87%) differs from source opm_percentage (-13350.0%) by 13411.87%

--- Entry 46 ---
Company:     CANBK
Year:        2017-03
Metric:      OPM
Computed:    37.85
Source:      -5775.0
Difference:  5812.85
Category:    formula discrepancy
Explanation: Computed OPM (37.85%) differs from source opm_percentage (-5775.0%) by 5812.85%

--- Entry 47 ---
Company:     CANBK
Year:        2016-03
Metric:      OPM
Computed:    40.38
Source:      -8008.0
Difference:  8048.38
Category:    formula discrepancy
Explanation: Computed OPM (40.38%) differs from source opm_percentage (-8008.0%) by 8048.38%

--- Entry 48 ---
Company:     CANBK
Year:        2015-03
Metric:      OPM
Computed:    23.51
Source:      -621.0
Difference:  644.51
Category:    formula discrepancy
Explanation: Computed OPM (23.51%) differs from source opm_percentage (-621.0%) by 644.51%

--- Entry 49 ---
Company:     CANBK
Year:        2014-03
Metric:      OPM
Computed:    24.35
Source:      -672.0
Difference:  696.35
Category:    formula discrepancy
Explanation: Computed OPM (24.35%) differs from source opm_percentage (-672.0%) by 696.35%

--- Entry 50 ---
Company:     CANBK
Year:        2013-03
Metric:      OPM
Computed:    21.18
Source:      655.0
Difference:  633.82
Category:    formula discrepancy
Explanation: Computed OPM (21.18%) differs from source opm_percentage (655.0%) by 633.82%

--- Entry 51 ---
Company:     CIPLA
Year:        2018-03
Metric:      OPM
Computed:    81.35
Source:      2826.0
Difference:  2744.65
Category:    formula discrepancy
Explanation: Computed OPM (81.35%) differs from source opm_percentage (2826.0%) by 2744.65%

--- Entry 52 ---
Company:     CIPLA
Year:        2017-03
Metric:      OPM
Computed:    82.66
Source:      2496.0
Difference:  2413.34
Category:    formula discrepancy
Explanation: Computed OPM (82.66%) differs from source opm_percentage (2496.0%) by 2413.34%

--- Entry 53 ---
Company:     CIPLA
Year:        2016-03
Metric:      OPM
Computed:    82.02
Source:      2480.0
Difference:  2397.98
Category:    formula discrepancy
Explanation: Computed OPM (82.02%) differs from source opm_percentage (2480.0%) by 2397.98%

--- Entry 54 ---
Company:     CIPLA
Year:        2015-03
Metric:      OPM
Computed:    80.94
Source:      2163.0
Difference:  2082.06
Category:    formula discrepancy
Explanation: Computed OPM (80.94%) differs from source opm_percentage (2163.0%) by 2082.06%

--- Entry 55 ---
Company:     CIPLA
Year:        2014-03
Metric:      OPM
Computed:    78.9
Source:      2147.0
Difference:  2068.1
Category:    formula discrepancy
Explanation: Computed OPM (78.90%) differs from source opm_percentage (2147.0%) by 2068.10%

--- Entry 56 ---
Company:     CIPLA
Year:        2013-03
Metric:      OPM
Computed:    73.26
Source:      2214.0
Difference:  2140.74
Category:    formula discrepancy
Explanation: Computed OPM (73.26%) differs from source opm_percentage (2214.0%) by 2140.74%

--- Entry 57 ---
Company:     CHOLAFIN
Year:        2024-03
Metric:      OPM
Computed:    28.1
Source:      4548.0
Difference:  4519.9
Category:    formula discrepancy
Explanation: Computed OPM (28.10%) differs from source opm_percentage (4548.0%) by 4519.90%

--- Entry 58 ---
Company:     CHOLAFIN
Year:        2023-03
Metric:      OPM
Computed:    28.1
Source:      3515.0
Difference:  3486.9
Category:    formula discrepancy
Explanation: Computed OPM (28.10%) differs from source opm_percentage (3515.0%) by 3486.90%

--- Entry 59 ---
Company:     CHOLAFIN
Year:        2022-03
Metric:      OPM
Computed:    28.83
Source:      2924.0
Difference:  2895.17
Category:    formula discrepancy
Explanation: Computed OPM (28.83%) differs from source opm_percentage (2924.0%) by 2895.17%

--- Entry 60 ---
Company:     CHOLAFIN
Year:        2021-03
Metric:      OPM
Computed:    30.4
Source:      2094.0
Difference:  2063.6
Category:    formula discrepancy
Explanation: Computed OPM (30.40%) differs from source opm_percentage (2094.0%) by 2063.60%

--- Entry 61 ---
Company:     CHOLAFIN
Year:        2020-03
Metric:      OPM
Computed:    27.79
Source:      1699.0
Difference:  1671.21
Category:    formula discrepancy
Explanation: Computed OPM (27.79%) differs from source opm_percentage (1699.0%) by 1671.21%

--- Entry 62 ---
Company:     CHOLAFIN
Year:        2019-03
Metric:      OPM
Computed:    22.96
Source:      1888.0
Difference:  1865.04
Category:    formula discrepancy
Explanation: Computed OPM (22.96%) differs from source opm_percentage (1888.0%) by 1865.04%

--- Entry 63 ---
Company:     CHOLAFIN
Year:        2018-03
Metric:      OPM
Computed:    26.1
Source:      1451.0
Difference:  1424.9
Category:    formula discrepancy
Explanation: Computed OPM (26.10%) differs from source opm_percentage (1451.0%) by 1424.90%

--- Entry 64 ---
Company:     CHOLAFIN
Year:        2017-03
Metric:      OPM
Computed:    28.16
Source:      1143.0
Difference:  1114.84
Category:    formula discrepancy
Explanation: Computed OPM (28.16%) differs from source opm_percentage (1143.0%) by 1114.84%

--- Entry 65 ---
Company:     CHOLAFIN
Year:        2016-03
Metric:      OPM
Computed:    30.04
Source:      899.0
Difference:  868.96
Category:    formula discrepancy
Explanation: Computed OPM (30.04%) differs from source opm_percentage (899.0%) by 868.96%

--- Entry 66 ---
Company:     CHOLAFIN
Year:        2015-03
Metric:      OPM
Computed:    28.56
Source:      696.0
Difference:  667.44
Category:    formula discrepancy
Explanation: Computed OPM (28.56%) differs from source opm_percentage (696.0%) by 667.44%

--- Entry 67 ---
Company:     COALINDIA
Year:        2022-03
Metric:      OPM
Computed:    77.47
Source:      24721.0
Difference:  24643.53
Category:    formula discrepancy
Explanation: Computed OPM (77.47%) differs from source opm_percentage (24721.0%) by 24643.53%

--- Entry 68 ---
Company:     COALINDIA
Year:        2021-03
Metric:      OPM
Computed:    79.31
Source:      18628.0
Difference:  18548.69
Category:    formula discrepancy
Explanation: Computed OPM (79.31%) differs from source opm_percentage (18628.0%) by 18548.69%

--- Entry 69 ---
Company:     COALINDIA
Year:        2020-03
Metric:      OPM
Computed:    77.54
Source:      21581.0
Difference:  21503.46
Category:    formula discrepancy
Explanation: Computed OPM (77.54%) differs from source opm_percentage (21581.0%) by 21503.46%

--- Entry 70 ---
Company:     COALINDIA
Year:        2019-03
Metric:      OPM
Computed:    74.89
Source:      25007.0
Difference:  24932.11
Category:    formula discrepancy
Explanation: Computed OPM (74.89%) differs from source opm_percentage (25007.0%) by 24932.11%

--- Entry 71 ---
Company:     COALINDIA
Year:        2018-03
Metric:      OPM
Computed:    89.1
Source:      9288.0
Difference:  9198.9
Category:    formula discrepancy
Explanation: Computed OPM (89.10%) differs from source opm_percentage (9288.0%) by 9198.90%

--- Entry 72 ---
Company:     COALINDIA
Year:        2017-03
Metric:      OPM
Computed:    84.07
Source:      12448.0
Difference:  12363.93
Category:    formula discrepancy
Explanation: Computed OPM (84.07%) differs from source opm_percentage (12448.0%) by 12363.93%

--- Entry 73 ---
Company:     COALINDIA
Year:        2016-03
Metric:      OPM
Computed:    75.96
Source:      18714.0
Difference:  18638.04
Category:    formula discrepancy
Explanation: Computed OPM (75.96%) differs from source opm_percentage (18714.0%) by 18638.04%

--- Entry 74 ---
Company:     COALINDIA
Year:        2015-03
Metric:      OPM
Computed:    76.6
Source:      17343.0
Difference:  17266.4
Category:    formula discrepancy
Explanation: Computed OPM (76.60%) differs from source opm_percentage (17343.0%) by 17266.40%

--- Entry 75 ---
Company:     COALINDIA
Year:        2014-03
Metric:      OPM
Computed:    74.84
Source:      17766.0
Difference:  17691.16
Category:    formula discrepancy
Explanation: Computed OPM (74.84%) differs from source opm_percentage (17766.0%) by 17691.16%

--- Entry 76 ---
Company:     COALINDIA
Year:        2013-03
Metric:      OPM
Computed:    73.52
Source:      18087.0
Difference:  18013.48
Category:    formula discrepancy
Explanation: Computed OPM (73.52%) differs from source opm_percentage (18087.0%) by 18013.48%

--- Entry 77 ---
Company:     CIPLA
Year:        2024-03
Metric:      OPM
Computed:    75.59
Source:      6291.0
Difference:  6215.41
Category:    formula discrepancy
Explanation: Computed OPM (75.59%) differs from source opm_percentage (6291.0%) by 6215.41%

--- Entry 78 ---
Company:     CIPLA
Year:        2023-03
Metric:      OPM
Computed:    77.91
Source:      5027.0
Difference:  4949.09
Category:    formula discrepancy
Explanation: Computed OPM (77.91%) differs from source opm_percentage (5027.0%) by 4949.09%

--- Entry 79 ---
Company:     CIPLA
Year:        2022-03
Metric:      OPM
Computed:    79.08
Source:      4553.0
Difference:  4473.92
Category:    formula discrepancy
Explanation: Computed OPM (79.08%) differs from source opm_percentage (4553.0%) by 4473.92%

--- Entry 80 ---
Company:     CIPLA
Year:        2021-03
Metric:      OPM
Computed:    77.8
Source:      4252.0
Difference:  4174.2
Category:    formula discrepancy
Explanation: Computed OPM (77.80%) differs from source opm_percentage (4252.0%) by 4174.20%

--- Entry 81 ---
Company:     CIPLA
Year:        2020-03
Metric:      OPM
Computed:    81.29
Source:      3206.0
Difference:  3124.71
Category:    formula discrepancy
Explanation: Computed OPM (81.29%) differs from source opm_percentage (3206.0%) by 3124.71%

--- Entry 82 ---
Company:     CIPLA
Year:        2019-03
Metric:      OPM
Computed:    81.07
Source:      3097.0
Difference:  3015.93
Category:    formula discrepancy
Explanation: Computed OPM (81.07%) differs from source opm_percentage (3097.0%) by 3015.93%

--- Entry 83 ---
Company:     COALINDIA
Year:        2024-03
Metric:      OPM
Computed:    66.29
Source:      47971.0
Difference:  47904.71
Category:    formula discrepancy
Explanation: Computed OPM (66.29%) differs from source opm_percentage (47971.0%) by 47904.71%

--- Entry 84 ---
Company:     COALINDIA
Year:        2023-03
Metric:      OPM
Computed:    68.01
Source:      44232.0
Difference:  44163.99
Category:    formula discrepancy
Explanation: Computed OPM (68.01%) differs from source opm_percentage (44232.0%) by 44163.99%

--- Entry 85 ---
Company:     HDFCLIFE
Year:        2015-03
Metric:      OPM
Computed:    96.79
Source:      874.0
Difference:  777.21
Category:    formula discrepancy
Explanation: Computed OPM (96.79%) differs from source opm_percentage (874.0%) by 777.21%

--- Entry 86 ---
Company:     HDFCLIFE
Year:        2014-03
Metric:      OPM
Computed:    96.48
Source:      605.0
Difference:  508.52
Category:    formula discrepancy
Explanation: Computed OPM (96.48%) differs from source opm_percentage (605.0%) by 508.52%

--- Entry 87 ---
Company:     HDFCLIFE
Year:        2013-03
Metric:      OPM
Computed:    96.27
Source:      525.0
Difference:  428.73
Category:    formula discrepancy
Explanation: Computed OPM (96.27%) differs from source opm_percentage (525.0%) by 428.73%

--- Entry 88 ---
Company:     HDFCBANK
Year:        2024-03
Metric:      OPM
Computed:    61.41
Source:      -44685.0
Difference:  44746.41
Category:    formula discrepancy
Explanation: Computed OPM (61.41%) differs from source opm_percentage (-44685.0%) by 44746.41%

--- Entry 89 ---
Company:     HDFCBANK
Year:        2023-03
Metric:      OPM
Computed:    36.92
Source:      29932.0
Difference:  29895.08
Category:    formula discrepancy
Explanation: Computed OPM (36.92%) differs from source opm_percentage (29932.0%) by 29895.08%

--- Entry 90 ---
Company:     HDFCBANK
Year:        2022-03
Metric:      OPM
Computed:    41.61
Source:      20795.0
Difference:  20753.39
Category:    formula discrepancy
Explanation: Computed OPM (41.61%) differs from source opm_percentage (20795.0%) by 20753.39%

--- Entry 91 ---
Company:     HDFCBANK
Year:        2021-03
Metric:      OPM
Computed:    40.81
Source:      16848.0
Difference:  16807.19
Category:    formula discrepancy
Explanation: Computed OPM (40.81%) differs from source opm_percentage (16848.0%) by 16807.19%

--- Entry 92 ---
Company:     HDFCBANK
Year:        2020-03
Metric:      OPM
Computed:    37.2
Source:      14593.0
Difference:  14555.8
Category:    formula discrepancy
Explanation: Computed OPM (37.20%) differs from source opm_percentage (14593.0%) by 14555.80%

--- Entry 93 ---
Company:     HDFCBANK
Year:        2019-03
Metric:      OPM
Computed:    33.15
Source:      16592.0
Difference:  16558.85
Category:    formula discrepancy
Explanation: Computed OPM (33.15%) differs from source opm_percentage (16592.0%) by 16558.85%

--- Entry 94 ---
Company:     HDFCBANK
Year:        2018-03
Metric:      OPM
Computed:    34.63
Source:      13374.0
Difference:  13339.37
Category:    formula discrepancy
Explanation: Computed OPM (34.63%) differs from source opm_percentage (13374.0%) by 13339.37%

--- Entry 95 ---
Company:     HDFCBANK
Year:        2017-03
Metric:      OPM
Computed:    32.56
Source:      11374.0
Difference:  11341.44
Category:    formula discrepancy
Explanation: Computed OPM (32.56%) differs from source opm_percentage (11374.0%) by 11341.44%

--- Entry 96 ---
Company:     HDFCBANK
Year:        2016-03
Metric:      OPM
Computed:    31.75
Source:      9037.0
Difference:  9005.25
Category:    formula discrepancy
Explanation: Computed OPM (31.75%) differs from source opm_percentage (9037.0%) by 9005.25%

--- Entry 97 ---
Company:     HDFCBANK
Year:        2015-03
Metric:      OPM
Computed:    31.9
Source:      7214.0
Difference:  7182.1
Category:    formula discrepancy
Explanation: Computed OPM (31.90%) differs from source opm_percentage (7214.0%) by 7182.10%

--- Entry 98 ---
Company:     HDFCBANK
Year:        2014-03
Metric:      OPM
Computed:    31.74
Source:      5602.0
Difference:  5570.26
Category:    formula discrepancy
Explanation: Computed OPM (31.74%) differs from source opm_percentage (5602.0%) by 5570.26%

--- Entry 99 ---
Company:     HDFCBANK
Year:        2013-03
Metric:      OPM
Computed:    35.22
Source:      3534.0
Difference:  3498.78
Category:    formula discrepancy
Explanation: Computed OPM (35.22%) differs from source opm_percentage (3534.0%) by 3498.78%

--- Entry 100 ---
Company:     HEROMOTOCO
Year:        2020-03
Metric:      OPM
Computed:    86.09
Source:      4070.0
Difference:  3983.91
Category:    formula discrepancy
Explanation: Computed OPM (86.09%) differs from source opm_percentage (4070.0%) by 3983.91%

--- Entry 101 ---
Company:     HEROMOTOCO
Year:        2019-03
Metric:      OPM
Computed:    85.21
Source:      5025.0
Difference:  4939.79
Category:    formula discrepancy
Explanation: Computed OPM (85.21%) differs from source opm_percentage (5025.0%) by 4939.79%

--- Entry 102 ---
Company:     HEROMOTOCO
Year:        2018-03
Metric:      OPM
Computed:    83.57
Source:      5334.0
Difference:  5250.43
Category:    formula discrepancy
Explanation: Computed OPM (83.57%) differs from source opm_percentage (5334.0%) by 5250.43%

--- Entry 103 ---
Company:     HEROMOTOCO
Year:        2017-03
Metric:      OPM
Computed:    83.97
Source:      4585.0
Difference:  4501.03
Category:    formula discrepancy
Explanation: Computed OPM (83.97%) differs from source opm_percentage (4585.0%) by 4501.03%

--- Entry 104 ---
Company:     HEROMOTOCO
Year:        2016-03
Metric:      OPM
Computed:    84.45
Source:      4424.0
Difference:  4339.55
Category:    formula discrepancy
Explanation: Computed OPM (84.45%) differs from source opm_percentage (4424.0%) by 4339.55%

--- Entry 105 ---
Company:     HEROMOTOCO
Year:        2015-03
Metric:      OPM
Computed:    87.22
Source:      3520.0
Difference:  3432.78
Category:    formula discrepancy
Explanation: Computed OPM (87.22%) differs from source opm_percentage (3520.0%) by 3432.78%

--- Entry 106 ---
Company:     HEROMOTOCO
Year:        2014-03
Metric:      OPM
Computed:    85.94
Source:      3553.0
Difference:  3467.06
Category:    formula discrepancy
Explanation: Computed OPM (85.94%) differs from source opm_percentage (3553.0%) by 3467.06%

--- Entry 107 ---
Company:     HDFCLIFE
Year:        2024-03
Metric:      OPM
Computed:    99.48
Source:      531.0
Difference:  431.52
Category:    formula discrepancy
Explanation: Computed OPM (99.48%) differs from source opm_percentage (531.0%) by 431.52%

--- Entry 108 ---
Company:     HDFCLIFE
Year:        2023-03
Metric:      OPM
Computed:    99.89
Source:      80.0
Difference:  19.89
Category:    formula discrepancy
Explanation: Computed OPM (99.89%) differs from source opm_percentage (80.0%) by 19.89%

--- Entry 109 ---
Company:     HDFCLIFE
Year:        2022-03
Metric:      OPM
Computed:    98.84
Source:      778.0
Difference:  679.16
Category:    formula discrepancy
Explanation: Computed OPM (98.84%) differs from source opm_percentage (778.0%) by 679.16%

--- Entry 110 ---
Company:     HDFCLIFE
Year:        2021-03
Metric:      OPM
Computed:    98.27
Source:      1235.0
Difference:  1136.73
Category:    formula discrepancy
Explanation: Computed OPM (98.27%) differs from source opm_percentage (1235.0%) by 1136.73%

--- Entry 111 ---
Company:     HDFCLIFE
Year:        2020-03
Metric:      OPM
Computed:    96.12
Source:      1141.0
Difference:  1044.88
Category:    formula discrepancy
Explanation: Computed OPM (96.12%) differs from source opm_percentage (1141.0%) by 1044.88%

--- Entry 112 ---
Company:     HDFCLIFE
Year:        2019-03
Metric:      OPM
Computed:    96.87
Source:      1215.0
Difference:  1118.13
Category:    formula discrepancy
Explanation: Computed OPM (96.87%) differs from source opm_percentage (1215.0%) by 1118.13%

--- Entry 113 ---
Company:     HDFCLIFE
Year:        2018-03
Metric:      OPM
Computed:    96.67
Source:      1074.0
Difference:  977.33
Category:    formula discrepancy
Explanation: Computed OPM (96.67%) differs from source opm_percentage (1074.0%) by 977.33%

--- Entry 114 ---
Company:     HDFCLIFE
Year:        2017-03
Metric:      OPM
Computed:    96.83
Source:      972.0
Difference:  875.17
Category:    formula discrepancy
Explanation: Computed OPM (96.83%) differs from source opm_percentage (972.0%) by 875.17%

--- Entry 115 ---
Company:     HDFCLIFE
Year:        2016-03
Metric:      OPM
Computed:    94.74
Source:      953.0
Difference:  858.26
Category:    formula discrepancy
Explanation: Computed OPM (94.74%) differs from source opm_percentage (953.0%) by 858.26%

--- Entry 116 ---
Company:     HINDALCO
Year:        2024-03
Metric:      OPM
Computed:    88.95
Source:      23872.0
Difference:  23783.05
Category:    formula discrepancy
Explanation: Computed OPM (88.95%) differs from source opm_percentage (23872.0%) by 23783.05%

--- Entry 117 ---
Company:     HINDALCO
Year:        2023-03
Metric:      OPM
Computed:    89.85
Source:      22666.0
Difference:  22576.15
Category:    formula discrepancy
Explanation: Computed OPM (89.85%) differs from source opm_percentage (22666.0%) by 22576.15%

--- Entry 118 ---
Company:     HINDALCO
Year:        2022-03
Metric:      OPM
Computed:    85.47
Source:      28347.0
Difference:  28261.53
Category:    formula discrepancy
Explanation: Computed OPM (85.47%) differs from source opm_percentage (28347.0%) by 28261.53%

--- Entry 119 ---
Company:     HINDALCO
Year:        2021-03
Metric:      OPM
Computed:    86.7
Source:      17559.0
Difference:  17472.3
Category:    formula discrepancy
Explanation: Computed OPM (86.70%) differs from source opm_percentage (17559.0%) by 17472.30%

--- Entry 120 ---
Company:     HINDALCO
Year:        2020-03
Metric:      OPM
Computed:    87.89
Source:      14306.0
Difference:  14218.11
Category:    formula discrepancy
Explanation: Computed OPM (87.89%) differs from source opm_percentage (14306.0%) by 14218.11%

--- Entry 121 ---
Company:     HINDALCO
Year:        2019-03
Metric:      OPM
Computed:    88.12
Source:      15511.0
Difference:  15422.88
Category:    formula discrepancy
Explanation: Computed OPM (88.12%) differs from source opm_percentage (15511.0%) by 15422.88%

--- Entry 122 ---
Company:     HINDALCO
Year:        2018-03
Metric:      OPM
Computed:    88.11
Source:      13695.0
Difference:  13606.89
Category:    formula discrepancy
Explanation: Computed OPM (88.11%) differs from source opm_percentage (13695.0%) by 13606.89%

--- Entry 123 ---
Company:     HINDALCO
Year:        2017-03
Metric:      OPM
Computed:    87.71
Source:      12317.0
Difference:  12229.29
Category:    formula discrepancy
Explanation: Computed OPM (87.71%) differs from source opm_percentage (12317.0%) by 12229.29%

--- Entry 124 ---
Company:     HINDALCO
Year:        2016-03
Metric:      OPM
Computed:    92.12
Source:      7778.0
Difference:  7685.88
Category:    formula discrepancy
Explanation: Computed OPM (92.12%) differs from source opm_percentage (7778.0%) by 7685.88%

--- Entry 125 ---
Company:     HINDALCO
Year:        2015-03
Metric:      OPM
Computed:    91.52
Source:      8844.0
Difference:  8752.48
Category:    formula discrepancy
Explanation: Computed OPM (91.52%) differs from source opm_percentage (8844.0%) by 8752.48%

--- Entry 126 ---
Company:     HINDALCO
Year:        2014-03
Metric:      OPM
Computed:    90.85
Source:      8024.0
Difference:  7933.15
Category:    formula discrepancy
Explanation: Computed OPM (90.85%) differs from source opm_percentage (8024.0%) by 7933.15%

--- Entry 127 ---
Company:     HINDALCO
Year:        2013-03
Metric:      OPM
Computed:    90.4
Source:      7699.0
Difference:  7608.6
Category:    formula discrepancy
Explanation: Computed OPM (90.40%) differs from source opm_percentage (7699.0%) by 7608.60%

--- Entry 128 ---
Company:     HEROMOTOCO
Year:        2024-03
Metric:      OPM
Computed:    86.15
Source:      5235.0
Difference:  5148.85
Category:    formula discrepancy
Explanation: Computed OPM (86.15%) differs from source opm_percentage (5235.0%) by 5148.85%

--- Entry 129 ---
Company:     HEROMOTOCO
Year:        2023-03
Metric:      OPM
Computed:    88.0
Source:      4099.0
Difference:  4011.0
Category:    formula discrepancy
Explanation: Computed OPM (88.00%) differs from source opm_percentage (4099.0%) by 4011.00%

--- Entry 130 ---
Company:     HEROMOTOCO
Year:        2022-03
Metric:      OPM
Computed:    88.98
Source:      3256.0
Difference:  3167.02
Category:    formula discrepancy
Explanation: Computed OPM (88.98%) differs from source opm_percentage (3256.0%) by 3167.02%

--- Entry 131 ---
Company:     HEROMOTOCO
Year:        2021-03
Metric:      OPM
Computed:    86.9
Source:      4058.0
Difference:  3971.1
Category:    formula discrepancy
Explanation: Computed OPM (86.90%) differs from source opm_percentage (4058.0%) by 3971.10%

--- Entry 132 ---
Company:     ICICIBANK
Year:        2016-03
Metric:      OPM
Computed:    88.12
Source:      -26955.0
Difference:  27043.12
Category:    formula discrepancy
Explanation: Computed OPM (88.12%) differs from source opm_percentage (-26955.0%) by 27043.12%

--- Entry 133 ---
Company:     ICICIBANK
Year:        2015-03
Metric:      OPM
Computed:    70.53
Source:      -16120.0
Difference:  16190.53
Category:    formula discrepancy
Explanation: Computed OPM (70.53%) differs from source opm_percentage (-16120.0%) by 16190.53%

--- Entry 134 ---
Company:     ICICIBANK
Year:        2014-03
Metric:      OPM
Computed:    66.4
Source:      -13084.0
Difference:  13150.4
Category:    formula discrepancy
Explanation: Computed OPM (66.40%) differs from source opm_percentage (-13084.0%) by 13150.40%

--- Entry 135 ---
Company:     ICICIBANK
Year:        2013-03
Metric:      OPM
Computed:    70.59
Source:      -15085.0
Difference:  15155.59
Category:    formula discrepancy
Explanation: Computed OPM (70.59%) differs from source opm_percentage (-15085.0%) by 15155.59%

--- Entry 136 ---
Company:     HINDUNILVR
Year:        2024-03
Metric:      OPM
Computed:    76.32
Source:      14659.0
Difference:  14582.68
Category:    formula discrepancy
Explanation: Computed OPM (76.32%) differs from source opm_percentage (14659.0%) by 14582.68%

--- Entry 137 ---
Company:     HINDUNILVR
Year:        2023-03
Metric:      OPM
Computed:    76.65
Source:      14147.0
Difference:  14070.35
Category:    formula discrepancy
Explanation: Computed OPM (76.65%) differs from source opm_percentage (14147.0%) by 14070.35%

--- Entry 138 ---
Company:     HINDUNILVR
Year:        2022-03
Metric:      OPM
Computed:    75.49
Source:      12857.0
Difference:  12781.51
Category:    formula discrepancy
Explanation: Computed OPM (75.49%) differs from source opm_percentage (12857.0%) by 12781.51%

--- Entry 139 ---
Company:     HINDUNILVR
Year:        2021-03
Metric:      OPM
Computed:    75.28
Source:      11626.0
Difference:  11550.72
Category:    formula discrepancy
Explanation: Computed OPM (75.28%) differs from source opm_percentage (11626.0%) by 11550.72%

--- Entry 140 ---
Company:     HINDUNILVR
Year:        2020-03
Metric:      OPM
Computed:    75.21
Source:      9861.0
Difference:  9785.79
Category:    formula discrepancy
Explanation: Computed OPM (75.21%) differs from source opm_percentage (9861.0%) by 9785.79%

--- Entry 141 ---
Company:     HINDUNILVR
Year:        2019-03
Metric:      OPM
Computed:    77.41
Source:      8880.0
Difference:  8802.59
Category:    formula discrepancy
Explanation: Computed OPM (77.41%) differs from source opm_percentage (8880.0%) by 8802.59%

--- Entry 142 ---
Company:     HINDUNILVR
Year:        2018-03
Metric:      OPM
Computed:    78.9
Source:      7499.0
Difference:  7420.1
Category:    formula discrepancy
Explanation: Computed OPM (78.90%) differs from source opm_percentage (7499.0%) by 7420.10%

--- Entry 143 ---
Company:     HINDUNILVR
Year:        2017-03
Metric:      OPM
Computed:    80.92
Source:      6328.0
Difference:  6247.08
Category:    formula discrepancy
Explanation: Computed OPM (80.92%) differs from source opm_percentage (6328.0%) by 6247.08%

--- Entry 144 ---
Company:     HINDUNILVR
Year:        2016-03
Metric:      OPM
Computed:    81.64
Source:      5910.0
Difference:  5828.36
Category:    formula discrepancy
Explanation: Computed OPM (81.64%) differs from source opm_percentage (5910.0%) by 5828.36%

--- Entry 145 ---
Company:     HINDUNILVR
Year:        2015-03
Metric:      OPM
Computed:    83.07
Source:      5412.0
Difference:  5328.93
Category:    formula discrepancy
Explanation: Computed OPM (83.07%) differs from source opm_percentage (5412.0%) by 5328.93%

--- Entry 146 ---
Company:     HINDUNILVR
Year:        2014-03
Metric:      OPM
Computed:    83.72
Source:      4759.0
Difference:  4675.28
Category:    formula discrepancy
Explanation: Computed OPM (83.72%) differs from source opm_percentage (4759.0%) by 4675.28%

--- Entry 147 ---
Company:     HINDUNILVR
Year:        2013-03
Metric:      OPM
Computed:    84.37
Source:      4220.0
Difference:  4135.63
Category:    formula discrepancy
Explanation: Computed OPM (84.37%) differs from source opm_percentage (4220.0%) by 4135.63%

--- Entry 148 ---
Company:     ICICIGI
Year:        2020-03
Metric:      OPM
Computed:    84.61
Source:      1772.0
Difference:  1687.39
Category:    formula discrepancy
Explanation: Computed OPM (84.61%) differs from source opm_percentage (1772.0%) by 1687.39%

--- Entry 149 ---
Company:     ICICIGI
Year:        2019-03
Metric:      OPM
Computed:    85.05
Source:      1669.0
Difference:  1583.95
Category:    formula discrepancy
Explanation: Computed OPM (85.05%) differs from source opm_percentage (1669.0%) by 1583.95%

--- Entry 150 ---
Company:     ICICIGI
Year:        2018-03
Metric:      OPM
Computed:    103.79
Source:      -262.0
Difference:  365.79
Category:    formula discrepancy
Explanation: Computed OPM (103.79%) differs from source opm_percentage (-262.0%) by 365.79%

--- Entry 151 ---
Company:     ICICIGI
Year:        2017-03
Metric:      OPM
Computed:    87.78
Source:      919.0
Difference:  831.22
Category:    formula discrepancy
Explanation: Computed OPM (87.78%) differs from source opm_percentage (919.0%) by 831.22%

--- Entry 152 ---
Company:     ICICIGI
Year:        2016-03
Metric:      OPM
Computed:    87.34
Source:      764.0
Difference:  676.66
Category:    formula discrepancy
Explanation: Computed OPM (87.34%) differs from source opm_percentage (764.0%) by 676.66%

--- Entry 153 ---
Company:     ICICIGI
Year:        2015-03
Metric:      OPM
Computed:    105.24
Source:      -221.0
Difference:  326.24
Category:    formula discrepancy
Explanation: Computed OPM (105.24%) differs from source opm_percentage (-221.0%) by 326.24%

--- Entry 154 ---
Company:     ICICIGI
Year:        2014-03
Metric:      OPM
Computed:    105.19
Source:      -225.0
Difference:  330.19
Category:    formula discrepancy
Explanation: Computed OPM (105.19%) differs from source opm_percentage (-225.0%) by 330.19%

--- Entry 155 ---
Company:     ICICIGI
Year:        2013-03
Metric:      OPM
Computed:    104.46
Source:      -178.0
Difference:  282.46
Category:    formula discrepancy
Explanation: Computed OPM (104.46%) differs from source opm_percentage (-178.0%) by 282.46%

--- Entry 156 ---
Company:     ICICIBANK
Year:        2024-03
Metric:      OPM
Computed:    62.41
Source:      -14152.0
Difference:  14214.41
Category:    formula discrepancy
Explanation: Computed OPM (62.41%) differs from source opm_percentage (-14152.0%) by 14214.41%

--- Entry 157 ---
Company:     ICICIBANK
Year:        2023-03
Metric:      OPM
Computed:    72.57
Source:      -17341.0
Difference:  17413.57
Category:    formula discrepancy
Explanation: Computed OPM (72.57%) differs from source opm_percentage (-17341.0%) by 17413.57%

--- Entry 158 ---
Company:     ICICIBANK
Year:        2022-03
Metric:      OPM
Computed:    84.69
Source:      -26558.0
Difference:  26642.69
Category:    formula discrepancy
Explanation: Computed OPM (84.69%) differs from source opm_percentage (-26558.0%) by 26642.69%

--- Entry 159 ---
Company:     ICICIBANK
Year:        2021-03
Metric:      OPM
Computed:    102.41
Source:      -44805.0
Difference:  44907.41
Category:    formula discrepancy
Explanation: Computed OPM (102.41%) differs from source opm_percentage (-44805.0%) by 44907.41%

--- Entry 160 ---
Company:     ICICIBANK
Year:        2020-03
Metric:      OPM
Computed:    100.62
Source:      -45190.0
Difference:  45290.62
Category:    formula discrepancy
Explanation: Computed OPM (100.62%) differs from source opm_percentage (-45190.0%) by 45290.62%

--- Entry 161 ---
Company:     ICICIBANK
Year:        2019-03
Metric:      OPM
Computed:    116.38
Source:      -50971.0
Difference:  51087.38
Category:    formula discrepancy
Explanation: Computed OPM (116.38%) differs from source opm_percentage (-50971.0%) by 51087.38%

--- Entry 162 ---
Company:     ICICIBANK
Year:        2018-03
Metric:      OPM
Computed:    117.12
Source:      -44906.0
Difference:  45023.12
Category:    formula discrepancy
Explanation: Computed OPM (117.12%) differs from source opm_percentage (-44906.0%) by 45023.12%

--- Entry 163 ---
Company:     ICICIBANK
Year:        2017-03
Metric:      OPM
Computed:    104.76
Source:      -37737.0
Difference:  37841.76
Category:    formula discrepancy
Explanation: Computed OPM (104.76%) differs from source opm_percentage (-37737.0%) by 37841.76%

--- Entry 164 ---
Company:     ICICIPRULI
Year:        2024-03
Metric:      OPM
Computed:    102.03
Source:      -1829.0
Difference:  1931.03
Category:    formula discrepancy
Explanation: Computed OPM (102.03%) differs from source opm_percentage (-1829.0%) by 1931.03%

--- Entry 165 ---
Company:     ICICIPRULI
Year:        2023-03
Metric:      OPM
Computed:    103.48
Source:      -1757.0
Difference:  1860.48
Category:    formula discrepancy
Explanation: Computed OPM (103.48%) differs from source opm_percentage (-1757.0%) by 1860.48%

--- Entry 166 ---
Company:     ICICIPRULI
Year:        2022-03
Metric:      OPM
Computed:    103.4
Source:      -2163.0
Difference:  2266.4
Category:    formula discrepancy
Explanation: Computed OPM (103.40%) differs from source opm_percentage (-2163.0%) by 2266.40%

--- Entry 167 ---
Company:     ICICIPRULI
Year:        2021-03
Metric:      OPM
Computed:    100.47
Source:      -390.0
Difference:  490.47
Category:    formula discrepancy
Explanation: Computed OPM (100.47%) differs from source opm_percentage (-390.0%) by 490.47%

--- Entry 168 ---
Company:     ICICIPRULI
Year:        2020-03
Metric:      OPM
Computed:    101.52
Source:      -319.0
Difference:  420.52
Category:    formula discrepancy
Explanation: Computed OPM (101.52%) differs from source opm_percentage (-319.0%) by 420.52%

--- Entry 169 ---
Company:     ICICIPRULI
Year:        2019-03
Metric:      OPM
Computed:    98.7
Source:      541.0
Difference:  442.3
Category:    formula discrepancy
Explanation: Computed OPM (98.70%) differs from source opm_percentage (541.0%) by 442.30%

--- Entry 170 ---
Company:     ICICIPRULI
Year:        2018-03
Metric:      OPM
Computed:    95.44
Source:      1771.0
Difference:  1675.56
Category:    formula discrepancy
Explanation: Computed OPM (95.44%) differs from source opm_percentage (1771.0%) by 1675.56%

--- Entry 171 ---
Company:     ICICIPRULI
Year:        2017-03
Metric:      OPM
Computed:    95.22
Source:      1806.0
Difference:  1710.78
Category:    formula discrepancy
Explanation: Computed OPM (95.22%) differs from source opm_percentage (1806.0%) by 1710.78%

--- Entry 172 ---
Company:     ICICIPRULI
Year:        2016-03
Metric:      OPM
Computed:    91.17
Source:      1842.0
Difference:  1750.83
Category:    formula discrepancy
Explanation: Computed OPM (91.17%) differs from source opm_percentage (1842.0%) by 1750.83%

--- Entry 173 ---
Company:     ICICIPRULI
Year:        2015-03
Metric:      OPM
Computed:    95.2
Source:      1655.0
Difference:  1559.8
Category:    formula discrepancy
Explanation: Computed OPM (95.20%) differs from source opm_percentage (1655.0%) by 1559.80%

--- Entry 174 ---
Company:     ICICIPRULI
Year:        2014-03
Metric:      OPM
Computed:    93.13
Source:      1504.0
Difference:  1410.87
Category:    formula discrepancy
Explanation: Computed OPM (93.13%) differs from source opm_percentage (1504.0%) by 1410.87%

--- Entry 175 ---
Company:     ICICIPRULI
Year:        2013-03
Metric:      OPM
Computed:    96.28
Source:      745.0
Difference:  648.72
Category:    formula discrepancy
Explanation: Computed OPM (96.28%) differs from source opm_percentage (745.0%) by 648.72%

--- Entry 176 ---
Company:     ICICIGI
Year:        2024-03
Metric:      OPM
Computed:    87.42
Source:      2577.0
Difference:  2489.58
Category:    formula discrepancy
Explanation: Computed OPM (87.42%) differs from source opm_percentage (2577.0%) by 2489.58%

--- Entry 177 ---
Company:     ICICIGI
Year:        2023-03
Metric:      OPM
Computed:    92.93
Source:      1264.0
Difference:  1171.07
Category:    formula discrepancy
Explanation: Computed OPM (92.93%) differs from source opm_percentage (1264.0%) by 1171.07%

--- Entry 178 ---
Company:     ICICIGI
Year:        2022-03
Metric:      OPM
Computed:    93.66
Source:      1016.0
Difference:  922.34
Category:    formula discrepancy
Explanation: Computed OPM (93.66%) differs from source opm_percentage (1016.0%) by 922.34%

--- Entry 179 ---
Company:     ICICIGI
Year:        2021-03
Metric:      OPM
Computed:    82.97
Source:      2072.0
Difference:  1989.03
Category:    formula discrepancy
Explanation: Computed OPM (82.97%) differs from source opm_percentage (2072.0%) by 1989.03%

--- Entry 180 ---
Company:     INDUSINDBK
Year:        2024-03
Metric:      OPM
Computed:    38.55
Source:      2978.0
Difference:  2939.45
Category:    formula discrepancy
Explanation: Computed OPM (38.55%) differs from source opm_percentage (2978.0%) by 2939.45%

--- Entry 181 ---
Company:     INDUSINDBK
Year:        2023-03
Metric:      OPM
Computed:    42.69
Source:      2067.0
Difference:  2024.31
Category:    formula discrepancy
Explanation: Computed OPM (42.69%) differs from source opm_percentage (2067.0%) by 2024.31%

--- Entry 182 ---
Company:     INDUSINDBK
Year:        2022-03
Metric:      OPM
Computed:    51.39
Source:      -839.0
Difference:  890.39
Category:    formula discrepancy
Explanation: Computed OPM (51.39%) differs from source opm_percentage (-839.0%) by 890.39%

--- Entry 183 ---
Company:     INDUSINDBK
Year:        2021-03
Metric:      OPM
Computed:    55.16
Source:      -2469.0
Difference:  2524.16
Category:    formula discrepancy
Explanation: Computed OPM (55.16%) differs from source opm_percentage (-2469.0%) by 2524.16%

--- Entry 184 ---
Company:     INDUSINDBK
Year:        2020-03
Metric:      OPM
Computed:    43.81
Source:      -553.0
Difference:  596.81
Category:    formula discrepancy
Explanation: Computed OPM (43.81%) differs from source opm_percentage (-553.0%) by 596.81%

--- Entry 185 ---
Company:     INDUSINDBK
Year:        2019-03
Metric:      OPM
Computed:    41.7
Source:      -437.0
Difference:  478.7
Category:    formula discrepancy
Explanation: Computed OPM (41.70%) differs from source opm_percentage (-437.0%) by 478.70%

--- Entry 186 ---
Company:     INDUSINDBK
Year:        2018-03
Metric:      OPM
Computed:    37.93
Source:      942.0
Difference:  904.07
Category:    formula discrepancy
Explanation: Computed OPM (37.93%) differs from source opm_percentage (942.0%) by 904.07%

--- Entry 187 ---
Company:     INDUSINDBK
Year:        2017-03
Metric:      OPM
Computed:    39.46
Source:      379.0
Difference:  339.54
Category:    formula discrepancy
Explanation: Computed OPM (39.46%) differs from source opm_percentage (379.0%) by 339.54%

--- Entry 188 ---
Company:     INDUSINDBK
Year:        2016-03
Metric:      OPM
Computed:    35.28
Source:      329.0
Difference:  293.72
Category:    formula discrepancy
Explanation: Computed OPM (35.28%) differs from source opm_percentage (329.0%) by 293.72%

--- Entry 189 ---
Company:     INDUSINDBK
Year:        2015-03
Metric:      OPM
Computed:    32.33
Source:      288.0
Difference:  255.67
Category:    formula discrepancy
Explanation: Computed OPM (32.33%) differs from source opm_percentage (288.0%) by 255.67%

--- Entry 190 ---
Company:     INDUSINDBK
Year:        2014-03
Metric:      OPM
Computed:    30.95
Source:      335.0
Difference:  304.05
Category:    formula discrepancy
Explanation: Computed OPM (30.95%) differs from source opm_percentage (335.0%) by 304.05%

--- Entry 191 ---
Company:     INDUSINDBK
Year:        2013-03
Metric:      OPM
Computed:    27.88
Source:      286.0
Difference:  258.12
Category:    formula discrepancy
Explanation: Computed OPM (27.88%) differs from source opm_percentage (286.0%) by 258.12%

--- Entry 192 ---
Company:     KOTAKBANK
Year:        2016-03
Metric:      OPM
Computed:    56.57
Source:      -2263.0
Difference:  2319.57
Category:    formula discrepancy
Explanation: Computed OPM (56.57%) differs from source opm_percentage (-2263.0%) by 2319.57%

--- Entry 193 ---
Company:     KOTAKBANK
Year:        2015-03
Metric:      OPM
Computed:    72.96
Source:      -3366.0
Difference:  3438.96
Category:    formula discrepancy
Explanation: Computed OPM (72.96%) differs from source opm_percentage (-3366.0%) by 3438.96%

--- Entry 194 ---
Company:     KOTAKBANK
Year:        2014-03
Metric:      OPM
Computed:    58.84
Source:      -1379.0
Difference:  1437.84
Category:    formula discrepancy
Explanation: Computed OPM (58.84%) differs from source opm_percentage (-1379.0%) by 1437.84%

--- Entry 195 ---
Company:     KOTAKBANK
Year:        2013-03
Metric:      OPM
Computed:    60.92
Source:      -1789.0
Difference:  1849.92
Category:    formula discrepancy
Explanation: Computed OPM (60.92%) differs from source opm_percentage (-1789.0%) by 1849.92%

--- Entry 196 ---
Company:     KOTAKBANK
Year:        2024-03
Metric:      OPM
Computed:    83.67
Source:      -13382.0
Difference:  13465.67
Category:    formula discrepancy
Explanation: Computed OPM (83.67%) differs from source opm_percentage (-13382.0%) by 13465.67%

--- Entry 197 ---
Company:     KOTAKBANK
Year:        2023-03
Metric:      OPM
Computed:    79.44
Source:      -5746.0
Difference:  5825.44
Category:    formula discrepancy
Explanation: Computed OPM (79.44%) differs from source opm_percentage (-5746.0%) by 5825.44%

--- Entry 198 ---
Company:     KOTAKBANK
Year:        2022-03
Metric:      OPM
Computed:    90.98
Source:      -8512.0
Difference:  8602.98
Category:    formula discrepancy
Explanation: Computed OPM (90.98%) differs from source opm_percentage (-8512.0%) by 8602.98%

--- Entry 199 ---
Company:     KOTAKBANK
Year:        2021-03
Metric:      OPM
Computed:    90.83
Source:      -9958.0
Difference:  10048.83
Category:    formula discrepancy
Explanation: Computed OPM (90.83%) differs from source opm_percentage (-9958.0%) by 10048.83%

--- Entry 200 ---
Company:     KOTAKBANK
Year:        2020-03
Metric:      OPM
Computed:    67.45
Source:      -5005.0
Difference:  5072.45
Category:    formula discrepancy
Explanation: Computed OPM (67.45%) differs from source opm_percentage (-5005.0%) by 5072.45%

--- Entry 201 ---
Company:     KOTAKBANK
Year:        2019-03
Metric:      OPM
Computed:    66.23
Source:      -5114.0
Difference:  5180.23
Category:    formula discrepancy
Explanation: Computed OPM (66.23%) differs from source opm_percentage (-5114.0%) by 5180.23%

--- Entry 202 ---
Company:     KOTAKBANK
Year:        2018-03
Metric:      OPM
Computed:    66.87
Source:      -4141.0
Difference:  4207.87
Category:    formula discrepancy
Explanation: Computed OPM (66.87%) differs from source opm_percentage (-4141.0%) by 4207.87%

--- Entry 203 ---
Company:     KOTAKBANK
Year:        2017-03
Metric:      OPM
Computed:    66.44
Source:      -3965.0
Difference:  4031.44
Category:    formula discrepancy
Explanation: Computed OPM (66.44%) differs from source opm_percentage (-3965.0%) by 4031.44%

--- Entry 204 ---
Company:     SUNPHARMA
Year:        2024-03
Metric:      OPM
Computed:    26.84
Source:      28.0
Difference:  1.16
Category:    formula discrepancy
Explanation: Computed OPM (26.84%) differs from source opm_percentage (28.0%) by 1.16%

--- Entry 205 ---
Company:     INDIGO
Year:        2023-03
Metric:      OPM
Computed:    88.02
Source:      6521.0
Difference:  6432.98
Category:    formula discrepancy
Explanation: Computed OPM (88.02%) differs from source opm_percentage (6521.0%) by 6432.98%

--- Entry 206 ---
Company:     INDIGO
Year:        2022-03
Metric:      OPM
Computed:    97.85
Source:      558.0
Difference:  460.15
Category:    formula discrepancy
Explanation: Computed OPM (97.85%) differs from source opm_percentage (558.0%) by 460.15%

--- Entry 207 ---
Company:     INDIGO
Year:        2021-03
Metric:      OPM
Computed:    99.98
Source:      2.0
Difference:  97.98
Category:    formula discrepancy
Explanation: Computed OPM (99.98%) differs from source opm_percentage (2.0%) by 97.98%

--- Entry 208 ---
Company:     INDIGO
Year:        2020-03
Metric:      OPM
Computed:    88.62
Source:      4069.0
Difference:  3980.38
Category:    formula discrepancy
Explanation: Computed OPM (88.62%) differs from source opm_percentage (4069.0%) by 3980.38%

--- Entry 209 ---
Company:     INDIGO
Year:        2019-03
Metric:      OPM
Computed:    100.53
Source:      -151.0
Difference:  251.53
Category:    formula discrepancy
Explanation: Computed OPM (100.53%) differs from source opm_percentage (-151.0%) by 251.53%

--- Entry 210 ---
Company:     INDIGO
Year:        2018-03
Metric:      OPM
Computed:    86.84
Source:      3030.0
Difference:  2943.16
Category:    formula discrepancy
Explanation: Computed OPM (86.84%) differs from source opm_percentage (3030.0%) by 2943.16%

--- Entry 211 ---
Company:     INDIGO
Year:        2017-03
Metric:      OPM
Computed:    88.06
Source:      2219.0
Difference:  2130.94
Category:    formula discrepancy
Explanation: Computed OPM (88.06%) differs from source opm_percentage (2219.0%) by 2130.94%

--- Entry 212 ---
Company:     INDIGO
Year:        2016-03
Metric:      OPM
Computed:    80.4
Source:      3164.0
Difference:  3083.6
Category:    formula discrepancy
Explanation: Computed OPM (80.40%) differs from source opm_percentage (3164.0%) by 3083.60%

--- Entry 213 ---
Company:     INDIGO
Year:        2015-03
Metric:      OPM
Computed:    86.33
Source:      1904.0
Difference:  1817.67
Category:    formula discrepancy
Explanation: Computed OPM (86.33%) differs from source opm_percentage (1904.0%) by 1817.67%

--- Entry 214 ---
Company:     INDIGO
Year:        2014-03
Metric:      OPM
Computed:    96.11
Source:      433.0
Difference:  336.89
Category:    formula discrepancy
Explanation: Computed OPM (96.11%) differs from source opm_percentage (433.0%) by 336.89%

--- Entry 215 ---
Company:     INDIGO
Year:        2013-03
Metric:      OPM
Computed:    90.71
Source:      855.0
Difference:  764.29
Category:    formula discrepancy
Explanation: Computed OPM (90.71%) differs from source opm_percentage (855.0%) by 764.29%

--- Entry 216 ---
Company:     JIOFIN
Year:        2023-03
Metric:      OPM
Computed:    86.67
Source:      88.0
Difference:  1.33
Category:    formula discrepancy
Explanation: Computed OPM (86.67%) differs from source opm_percentage (88.0%) by 1.33%

--- Entry 217 ---
Company:     INDIGO
Year:        2024-03
Metric:      ROCE
Computed:    1112.55
Source:      24.5
Difference:  1088.05
Category:    formula discrepancy
Explanation: Computed ROCE (1112.55%) vs source snapshot (24.5%). Source is a point-in-time snapshot, computed is for year 2024-03. 

--- Entry 218 ---
Company:     ABB
Year:        2012-12
Metric:      ROCE
Computed:    33.23
Source:      46.0
Difference:  12.77
Category:    formula discrepancy
Explanation: Computed ROCE (33.23%) vs source snapshot (46.0%). Source is a point-in-time snapshot, computed is for year 2012-12. 

--- Entry 219 ---
Company:     ABB
Year:        2012-12
Metric:      ROE
Computed:    22.41
Source:      34.9
Difference:  12.49
Category:    version difference
Explanation: Computed ROE (22.41%) vs source snapshot (34.9%). Source is point-in-time, computed is for year 2012-12.

--- Entry 220 ---
Company:     ABB
Year:        2014-03
Metric:      ROCE
Computed:    37.44
Source:      46.0
Difference:  8.56
Category:    formula discrepancy
Explanation: Computed ROCE (37.44%) vs source snapshot (46.0%). Source is a point-in-time snapshot, computed is for year 2014-03. 

--- Entry 221 ---
Company:     ABB
Year:        2014-03
Metric:      ROE
Computed:    25.13
Source:      34.9
Difference:  9.77
Category:    version difference
Explanation: Computed ROE (25.13%) vs source snapshot (34.9%). Source is point-in-time, computed is for year 2014-03.

--- Entry 222 ---
Company:     ABB
Year:        2015-03
Metric:      ROCE
Computed:    36.71
Source:      46.0
Difference:  9.29
Category:    formula discrepancy
Explanation: Computed ROCE (36.71%) vs source snapshot (46.0%). Source is a point-in-time snapshot, computed is for year 2015-03. 

--- Entry 223 ---
Company:     ABB
Year:        2015-03
Metric:      ROE
Computed:    24.44
Source:      34.9
Difference:  10.46
Category:    version difference
Explanation: Computed ROE (24.44%) vs source snapshot (34.9%). Source is point-in-time, computed is for year 2015-03.

--- Entry 224 ---
Company:     ABB
Year:        2016-03
Metric:      ROCE
Computed:    33.56
Source:      46.0
Difference:  12.44
Category:    formula discrepancy
Explanation: Computed ROCE (33.56%) vs source snapshot (46.0%). Source is a point-in-time snapshot, computed is for year 2016-03. 

--- Entry 225 ---
Company:     ABB
Year:        2016-03
Metric:      ROE
Computed:    21.34
Source:      34.9
Difference:  13.56
Category:    version difference
Explanation: Computed ROE (21.34%) vs source snapshot (34.9%). Source is point-in-time, computed is for year 2016-03.

--- Entry 226 ---
Company:     ADANIGREEN
Year:        2018-03
Metric:      ROCE
Computed:    3.05
Source:      96.5
Difference:  93.45
Category:    formula discrepancy
Explanation: Computed ROCE (3.05%) vs source snapshot (96.5%). Source is a point-in-time snapshot, computed is for year 2018-03. 

--- Entry 227 ---
Company:     ADANIGREEN
Year:        2018-03
Metric:      ROE
Computed:    -10.29
Source:      14.7
Difference:  24.99
Category:    version difference
Explanation: Computed ROE (-10.29%) vs source snapshot (14.7%). Source is point-in-time, computed is for year 2018-03.

--- Entry 228 ---
Company:     ADANIGREEN
Year:        2017-03
Metric:      ROCE
Computed:    2.7
Source:      96.5
Difference:  93.8
Category:    formula discrepancy
Explanation: Computed ROCE (2.70%) vs source snapshot (96.5%). Source is a point-in-time snapshot, computed is for year 2017-03. 

--- Entry 229 ---
Company:     ADANIGREEN
Year:        2017-03
Metric:      ROE
Computed:    -3.91
Source:      14.7
Difference:  18.61
Category:    version difference
Explanation: Computed ROE (-3.91%) vs source snapshot (14.7%). Source is point-in-time, computed is for year 2017-03.

--- Entry 230 ---
Company:     ADANIENT
Year:        2024-03
Metric:      ROE
Computed:    8.53
Source:      13.64
Difference:  5.11
Category:    version difference
Explanation: Computed ROE (8.53%) vs source snapshot (13.64%). Source is point-in-time, computed is for year 2024-03.

--- Entry 231 ---
Company:     ADANIENT
Year:        2023-03
Metric:      ROE
Computed:    7.33
Source:      13.64
Difference:  6.31
Category:    version difference
Explanation: Computed ROE (7.33%) vs source snapshot (13.64%). Source is point-in-time, computed is for year 2023-03.

--- Entry 232 ---
Company:     ADANIENT
Year:        2022-03
Metric:      ROCE
Computed:    5.45
Source:      11.6
Difference:  6.15
Category:    formula discrepancy
Explanation: Computed ROCE (5.45%) vs source snapshot (11.6%). Source is a point-in-time snapshot, computed is for year 2022-03. 

--- Entry 233 ---
Company:     ADANIENT
Year:        2022-03
Metric:      ROE
Computed:    3.54
Source:      13.64
Difference:  10.1
Category:    version difference
Explanation: Computed ROE (3.54%) vs source snapshot (13.64%). Source is point-in-time, computed is for year 2022-03.

--- Entry 234 ---
Company:     ADANIENT
Year:        2021-03
Metric:      ROE
Computed:    6.1
Source:      13.64
Difference:  7.54
Category:    version difference
Explanation: Computed ROE (6.10%) vs source snapshot (13.64%). Source is point-in-time, computed is for year 2021-03.

--- Entry 235 ---
Company:     ADANIENT
Year:        2020-03
Metric:      ROE
Computed:    6.14
Source:      13.64
Difference:  7.5
Category:    version difference
Explanation: Computed ROE (6.14%) vs source snapshot (13.64%). Source is point-in-time, computed is for year 2020-03.

--- Entry 236 ---
Company:     ADANIENT
Year:        2019-03
Metric:      ROE
Computed:    3.43
Source:      13.64
Difference:  10.21
Category:    version difference
Explanation: Computed ROE (3.43%) vs source snapshot (13.64%). Source is point-in-time, computed is for year 2019-03.

--- Entry 237 ---
Company:     ADANIENT
Year:        2018-03
Metric:      ROCE
Computed:    5.31
Source:      11.6
Difference:  6.29
Category:    formula discrepancy
Explanation: Computed ROCE (5.31%) vs source snapshot (11.6%). Source is a point-in-time snapshot, computed is for year 2018-03. 

--- Entry 238 ---
Company:     ADANIENT
Year:        2018-03
Metric:      ROE
Computed:    3.94
Source:      13.64
Difference:  9.7
Category:    version difference
Explanation: Computed ROE (3.94%) vs source snapshot (13.64%). Source is point-in-time, computed is for year 2018-03.

--- Entry 239 ---
Company:     ADANIENT
Year:        2017-03
Metric:      ROE
Computed:    6.54
Source:      13.64
Difference:  7.1
Category:    version difference
Explanation: Computed ROE (6.54%) vs source snapshot (13.64%). Source is point-in-time, computed is for year 2017-03.

--- Entry 240 ---
Company:     ADANIENT
Year:        2016-03
Metric:      ROE
Computed:    7.47
Source:      13.64
Difference:  6.17
Category:    version difference
Explanation: Computed ROE (7.47%) vs source snapshot (13.64%). Source is point-in-time, computed is for year 2016-03.

--- Entry 241 ---
Company:     ADANIENT
Year:        2013-03
Metric:      ROCE
Computed:    6.06
Source:      11.6
Difference:  5.54
Category:    formula discrepancy
Explanation: Computed ROCE (6.06%) vs source snapshot (11.6%). Source is a point-in-time snapshot, computed is for year 2013-03. 

--- Entry 242 ---
Company:     ADANIENT
Year:        2013-03
Metric:      ROE
Computed:    5.69
Source:      13.64
Difference:  7.95
Category:    version difference
Explanation: Computed ROE (5.69%) vs source snapshot (13.64%). Source is point-in-time, computed is for year 2013-03.

--- Entry 243 ---
Company:     ADANIPORTS
Year:        2022-03
Metric:      ROE
Computed:    11.84
Source:      18.1
Difference:  6.26
Category:    version difference
Explanation: Computed ROE (11.84%) vs source snapshot (18.1%). Source is point-in-time, computed is for year 2022-03.

--- Entry 244 ---
Company:     ADANIPORTS
Year:        2013-03
Metric:      ROE
Computed:    25.63
Source:      18.1
Difference:  7.53
Category:    version difference
Explanation: Computed ROE (25.63%) vs source snapshot (18.1%). Source is point-in-time, computed is for year 2013-03.

--- Entry 245 ---
Company:     ADANIGREEN
Year:        2024-03
Metric:      ROCE
Computed:    8.94
Source:      96.5
Difference:  87.56
Category:    formula discrepancy
Explanation: Computed ROCE (8.94%) vs source snapshot (96.5%). Source is a point-in-time snapshot, computed is for year 2024-03. 

--- Entry 246 ---
Company:     ADANIGREEN
Year:        2023-03
Metric:      ROCE
Computed:    7.05
Source:      96.5
Difference:  89.45
Category:    formula discrepancy
Explanation: Computed ROCE (7.05%) vs source snapshot (96.5%). Source is a point-in-time snapshot, computed is for year 2023-03. 

--- Entry 247 ---
Company:     ADANIGREEN
Year:        2022-03
Metric:      ROCE
Computed:    5.72
Source:      96.5
Difference:  90.78
Category:    formula discrepancy
Explanation: Computed ROCE (5.72%) vs source snapshot (96.5%). Source is a point-in-time snapshot, computed is for year 2022-03. 

--- Entry 248 ---
Company:     ADANIGREEN
Year:        2021-03
Metric:      ROCE
Computed:    8.13
Source:      96.5
Difference:  88.37
Category:    formula discrepancy
Explanation: Computed ROCE (8.13%) vs source snapshot (96.5%). Source is a point-in-time snapshot, computed is for year 2021-03. 

--- Entry 249 ---
Company:     ADANIGREEN
Year:        2021-03
Metric:      ROE
Computed:    8.27
Source:      14.7
Difference:  6.43
Category:    version difference
Explanation: Computed ROE (8.27%) vs source snapshot (14.7%). Source is point-in-time, computed is for year 2021-03.

--- Entry 250 ---
Company:     ADANIGREEN
Year:        2020-03
Metric:      ROCE
Computed:    5.49
Source:      96.5
Difference:  91.01
Category:    formula discrepancy
Explanation: Computed ROCE (5.49%) vs source snapshot (96.5%). Source is a point-in-time snapshot, computed is for year 2020-03. 

--- Entry 251 ---
Company:     ADANIGREEN
Year:        2020-03
Metric:      ROE
Computed:    -2.89
Source:      14.7
Difference:  17.59
Category:    version difference
Explanation: Computed ROE (-2.89%) vs source snapshot (14.7%). Source is point-in-time, computed is for year 2020-03.

--- Entry 252 ---
Company:     ADANIGREEN
Year:        2019-03
Metric:      ROCE
Computed:    4.1
Source:      96.5
Difference:  92.4
Category:    formula discrepancy
Explanation: Computed ROCE (4.10%) vs source snapshot (96.5%). Source is a point-in-time snapshot, computed is for year 2019-03. 

--- Entry 253 ---
Company:     ADANIGREEN
Year:        2019-03
Metric:      ROE
Computed:    -24.57
Source:      14.7
Difference:  39.27
Category:    version difference
Explanation: Computed ROE (-24.57%) vs source snapshot (14.7%). Source is point-in-time, computed is for year 2019-03.

--- Entry 254 ---
Company:     ADANIPOWER
Year:        2014-03
Metric:      ROCE
Computed:    5.51
Source:      32.2
Difference:  26.69
Category:    formula discrepancy
Explanation: Computed ROCE (5.51%) vs source snapshot (32.2%). Source is a point-in-time snapshot, computed is for year 2014-03. 

--- Entry 255 ---
Company:     ADANIPOWER
Year:        2014-03
Metric:      ROE
Computed:    -4.45
Source:      57.1
Difference:  61.55
Category:    version difference
Explanation: Computed ROE (-4.45%) vs source snapshot (57.1%). Source is point-in-time, computed is for year 2014-03.

--- Entry 256 ---
Company:     ADANIPOWER
Year:        2013-03
Metric:      ROCE
Computed:    -0.25
Source:      32.2
Difference:  32.45
Category:    formula discrepancy
Explanation: Computed ROCE (-0.25%) vs source snapshot (32.2%). Source is a point-in-time snapshot, computed is for year 2013-03. 

--- Entry 257 ---
Company:     ADANIPOWER
Year:        2013-03
Metric:      ROE
Computed:    -53.46
Source:      57.1
Difference:  110.56
Category:    version difference
Explanation: Computed ROE (-53.46%) vs source snapshot (57.1%). Source is point-in-time, computed is for year 2013-03.

--- Entry 258 ---
Company:     ADANIPORTS
Year:        2023-03
Metric:      ROE
Computed:    11.88
Source:      18.1
Difference:  6.22
Category:    version difference
Explanation: Computed ROE (11.88%) vs source snapshot (18.1%). Source is point-in-time, computed is for year 2023-03.

--- Entry 259 ---
Company:     AMBUJACEM
Year:        2014-12
Metric:      ROCE
Computed:    18.21
Source:      12.8
Difference:  5.41
Category:    formula discrepancy
Explanation: Computed ROCE (18.21%) vs source snapshot (12.8%). Source is a point-in-time snapshot, computed is for year 2014-12. 

--- Entry 260 ---
Company:     AMBUJACEM
Year:        2014-12
Metric:      ROE
Computed:    14.77
Source:      9.24
Difference:  5.53
Category:    version difference
Explanation: Computed ROE (14.77%) vs source snapshot (9.24%). Source is point-in-time, computed is for year 2014-12.

--- Entry 261 ---
Company:     AMBUJACEM
Year:        2012-12
Metric:      ROCE
Computed:    22.29
Source:      12.8
Difference:  9.49
Category:    formula discrepancy
Explanation: Computed ROCE (22.29%) vs source snapshot (12.8%). Source is a point-in-time snapshot, computed is for year 2012-12. 

--- Entry 262 ---
Company:     AMBUJACEM
Year:        2012-12
Metric:      ROE
Computed:    14.69
Source:      9.24
Difference:  5.45
Category:    version difference
Explanation: Computed ROE (14.69%) vs source snapshot (9.24%). Source is point-in-time, computed is for year 2012-12.

--- Entry 263 ---
Company:     ADANIPOWER
Year:        2024-03
Metric:      ROE
Computed:    48.28
Source:      57.1
Difference:  8.82
Category:    version difference
Explanation: Computed ROE (48.28%) vs source snapshot (57.1%). Source is point-in-time, computed is for year 2024-03.

--- Entry 264 ---
Company:     ADANIPOWER
Year:        2023-03
Metric:      ROCE
Computed:    15.24
Source:      32.2
Difference:  16.96
Category:    formula discrepancy
Explanation: Computed ROCE (15.24%) vs source snapshot (32.2%). Source is a point-in-time snapshot, computed is for year 2023-03. 

--- Entry 265 ---
Company:     ADANIPOWER
Year:        2023-03
Metric:      ROE
Computed:    35.91
Source:      57.1
Difference:  21.19
Category:    version difference
Explanation: Computed ROE (35.91%) vs source snapshot (57.1%). Source is point-in-time, computed is for year 2023-03.

--- Entry 266 ---
Company:     ADANIPOWER
Year:        2022-03
Metric:      ROCE
Computed:    15.79
Source:      32.2
Difference:  16.41
Category:    formula discrepancy
Explanation: Computed ROCE (15.79%) vs source snapshot (32.2%). Source is a point-in-time snapshot, computed is for year 2022-03. 

--- Entry 267 ---
Company:     ADANIPOWER
Year:        2022-03
Metric:      ROE
Computed:    26.61
Source:      57.1
Difference:  30.49
Category:    version difference
Explanation: Computed ROE (26.61%) vs source snapshot (57.1%). Source is point-in-time, computed is for year 2022-03.

--- Entry 268 ---
Company:     ADANIPOWER
Year:        2021-03
Metric:      ROCE
Computed:    11.27
Source:      32.2
Difference:  20.93
Category:    formula discrepancy
Explanation: Computed ROCE (11.27%) vs source snapshot (32.2%). Source is a point-in-time snapshot, computed is for year 2021-03. 

--- Entry 269 ---
Company:     ADANIPOWER
Year:        2021-03
Metric:      ROE
Computed:    9.69
Source:      57.1
Difference:  47.41
Category:    version difference
Explanation: Computed ROE (9.69%) vs source snapshot (57.1%). Source is point-in-time, computed is for year 2021-03.

--- Entry 270 ---
Company:     ADANIPOWER
Year:        2020-03
Metric:      ROCE
Computed:    4.94
Source:      32.2
Difference:  27.26
Category:    formula discrepancy
Explanation: Computed ROCE (4.94%) vs source snapshot (32.2%). Source is a point-in-time snapshot, computed is for year 2020-03. 

--- Entry 271 ---
Company:     ADANIPOWER
Year:        2020-03
Metric:      ROE
Computed:    -35.1
Source:      57.1
Difference:  92.2
Category:    version difference
Explanation: Computed ROE (-35.10%) vs source snapshot (57.1%). Source is point-in-time, computed is for year 2020-03.

--- Entry 272 ---
Company:     ADANIPOWER
Year:        2019-03
Metric:      ROCE
Computed:    8.56
Source:      32.2
Difference:  23.64
Category:    formula discrepancy
Explanation: Computed ROCE (8.56%) vs source snapshot (32.2%). Source is a point-in-time snapshot, computed is for year 2019-03. 

--- Entry 273 ---
Company:     ADANIPOWER
Year:        2019-03
Metric:      ROE
Computed:    -12.76
Source:      57.1
Difference:  69.86
Category:    version difference
Explanation: Computed ROE (-12.76%) vs source snapshot (57.1%). Source is point-in-time, computed is for year 2019-03.

--- Entry 274 ---
Company:     ADANIPOWER
Year:        2018-03
Metric:      ROCE
Computed:    6.5
Source:      32.2
Difference:  25.7
Category:    formula discrepancy
Explanation: Computed ROCE (6.50%) vs source snapshot (32.2%). Source is a point-in-time snapshot, computed is for year 2018-03. 

--- Entry 275 ---
Company:     ADANIPOWER
Year:        2018-03
Metric:      ROE
Computed:    -236.56
Source:      57.1
Difference:  293.66
Category:    version difference
Explanation: Computed ROE (-236.56%) vs source snapshot (57.1%). Source is point-in-time, computed is for year 2018-03.

--- Entry 276 ---
Company:     ADANIPOWER
Year:        2017-03
Metric:      ROCE
Computed:    -0.65
Source:      32.2
Difference:  32.85
Category:    formula discrepancy
Explanation: Computed ROCE (-0.65%) vs source snapshot (32.2%). Source is a point-in-time snapshot, computed is for year 2017-03. 

--- Entry 277 ---
Company:     ADANIPOWER
Year:        2017-03
Metric:      ROE
Computed:    -205.8
Source:      57.1
Difference:  262.9
Category:    version difference
Explanation: Computed ROE (-205.80%) vs source snapshot (57.1%). Source is point-in-time, computed is for year 2017-03.

--- Entry 278 ---
Company:     ADANIPOWER
Year:        2016-03
Metric:      ROCE
Computed:    9.86
Source:      32.2
Difference:  22.34
Category:    formula discrepancy
Explanation: Computed ROCE (9.86%) vs source snapshot (32.2%). Source is a point-in-time snapshot, computed is for year 2016-03. 

--- Entry 279 ---
Company:     ADANIPOWER
Year:        2016-03
Metric:      ROE
Computed:    7.38
Source:      57.1
Difference:  49.72
Category:    version difference
Explanation: Computed ROE (7.38%) vs source snapshot (57.1%). Source is point-in-time, computed is for year 2016-03.

--- Entry 280 ---
Company:     ADANIPOWER
Year:        2015-03
Metric:      ROCE
Computed:    8.02
Source:      32.2
Difference:  24.18
Category:    formula discrepancy
Explanation: Computed ROCE (8.02%) vs source snapshot (32.2%). Source is a point-in-time snapshot, computed is for year 2015-03. 

--- Entry 281 ---
Company:     ADANIPOWER
Year:        2015-03
Metric:      ROE
Computed:    -14.25
Source:      57.1
Difference:  71.35
Category:    version difference
Explanation: Computed ROE (-14.25%) vs source snapshot (57.1%). Source is point-in-time, computed is for year 2015-03.

--- Entry 282 ---
Company:     APOLLOHOSP
Year:        2022-03
Metric:      ROE
Computed:    19.7
Source:      13.81
Difference:  5.89
Category:    version difference
Explanation: Computed ROE (19.70%) vs source snapshot (13.81%). Source is point-in-time, computed is for year 2022-03.

--- Entry 283 ---
Company:     APOLLOHOSP
Year:        2021-03
Metric:      ROCE
Computed:    7.65
Source:      17.2
Difference:  9.55
Category:    formula discrepancy
Explanation: Computed ROCE (7.65%) vs source snapshot (17.2%). Source is a point-in-time snapshot, computed is for year 2021-03. 

--- Entry 284 ---
Company:     APOLLOHOSP
Year:        2021-03
Metric:      ROE
Computed:    2.98
Source:      13.81
Difference:  10.83
Category:    version difference
Explanation: Computed ROE (2.98%) vs source snapshot (13.81%). Source is point-in-time, computed is for year 2021-03.

--- Entry 285 ---
Company:     APOLLOHOSP
Year:        2019-03
Metric:      ROCE
Computed:    9.99
Source:      17.2
Difference:  7.21
Category:    formula discrepancy
Explanation: Computed ROCE (9.99%) vs source snapshot (17.2%). Source is a point-in-time snapshot, computed is for year 2019-03. 

--- Entry 286 ---
Company:     APOLLOHOSP
Year:        2019-03
Metric:      ROE
Computed:    6.0
Source:      13.81
Difference:  7.81
Category:    version difference
Explanation: Computed ROE (6.00%) vs source snapshot (13.81%). Source is point-in-time, computed is for year 2019-03.

--- Entry 287 ---
Company:     APOLLOHOSP
Year:        2018-03
Metric:      ROCE
Computed:    6.98
Source:      17.2
Difference:  10.22
Category:    formula discrepancy
Explanation: Computed ROCE (6.98%) vs source snapshot (17.2%). Source is a point-in-time snapshot, computed is for year 2018-03. 

--- Entry 288 ---
Company:     APOLLOHOSP
Year:        2018-03
Metric:      ROE
Computed:    1.85
Source:      13.81
Difference:  11.96
Category:    version difference
Explanation: Computed ROE (1.85%) vs source snapshot (13.81%). Source is point-in-time, computed is for year 2018-03.

--- Entry 289 ---
Company:     APOLLOHOSP
Year:        2017-03
Metric:      ROCE
Computed:    7.44
Source:      17.2
Difference:  9.76
Category:    formula discrepancy
Explanation: Computed ROCE (7.44%) vs source snapshot (17.2%). Source is a point-in-time snapshot, computed is for year 2017-03. 

--- Entry 290 ---
Company:     APOLLOHOSP
Year:        2017-03
Metric:      ROE
Computed:    3.95
Source:      13.81
Difference:  9.86
Category:    version difference
Explanation: Computed ROE (3.95%) vs source snapshot (13.81%). Source is point-in-time, computed is for year 2017-03.

--- Entry 291 ---
Company:     APOLLOHOSP
Year:        2016-03
Metric:      ROCE
Computed:    8.3
Source:      17.2
Difference:  8.9
Category:    formula discrepancy
Explanation: Computed ROCE (8.30%) vs source snapshot (17.2%). Source is a point-in-time snapshot, computed is for year 2016-03. 

--- Entry 292 ---
Company:     APOLLOHOSP
Year:        2016-03
Metric:      ROE
Computed:    7.05
Source:      13.81
Difference:  6.76
Category:    version difference
Explanation: Computed ROE (7.05%) vs source snapshot (13.81%). Source is point-in-time, computed is for year 2016-03.

--- Entry 293 ---
Company:     APOLLOHOSP
Year:        2015-03
Metric:      ROCE
Computed:    11.1
Source:      17.2
Difference:  6.1
Category:    formula discrepancy
Explanation: Computed ROCE (11.10%) vs source snapshot (17.2%). Source is a point-in-time snapshot, computed is for year 2015-03. 

--- Entry 294 ---
Company:     APOLLOHOSP
Year:        2014-03
Metric:      ROCE
Computed:    12.17
Source:      17.2
Difference:  5.03
Category:    formula discrepancy
Explanation: Computed ROCE (12.17%) vs source snapshot (17.2%). Source is a point-in-time snapshot, computed is for year 2014-03. 

--- Entry 295 ---
Company:     AMBUJACEM
Year:        2021-12
Metric:      ROCE
Computed:    20.56
Source:      12.8
Difference:  7.76
Category:    formula discrepancy
Explanation: Computed ROCE (20.56%) vs source snapshot (12.8%). Source is a point-in-time snapshot, computed is for year 2021-12. 

--- Entry 296 ---
Company:     AMBUJACEM
Year:        2021-12
Metric:      ROE
Computed:    14.64
Source:      9.24
Difference:  5.4
Category:    version difference
Explanation: Computed ROE (14.64%) vs source snapshot (9.24%). Source is point-in-time, computed is for year 2021-12.

--- Entry 297 ---
Company:     ATGL
Year:        2020-03
Metric:      ROCE
Computed:    30.96
Source:      21.2
Difference:  9.76
Category:    formula discrepancy
Explanation: Computed ROCE (30.96%) vs source snapshot (21.2%). Source is a point-in-time snapshot, computed is for year 2020-03. 

--- Entry 298 ---
Company:     ATGL
Year:        2020-03
Metric:      ROE
Computed:    29.64
Source:      20.5
Difference:  9.14
Category:    version difference
Explanation: Computed ROE (29.64%) vs source snapshot (20.5%). Source is point-in-time, computed is for year 2020-03.

--- Entry 299 ---
Company:     ATGL
Year:        2019-03
Metric:      ROCE
Computed:    29.88
Source:      21.2
Difference:  8.68
Category:    formula discrepancy
Explanation: Computed ROCE (29.88%) vs source snapshot (21.2%). Source is a point-in-time snapshot, computed is for year 2019-03. 

--- Entry 300 ---
Company:     ASIANPAINT
Year:        2024-03
Metric:      ROCE
Computed:    35.62
Source:      41.75
Difference:  6.13
Category:    formula discrepancy
Explanation: Computed ROCE (35.62%) vs source snapshot (41.75%). Source is a point-in-time snapshot, computed is for year 2024-03. 

--- Entry 301 ---
Company:     ASIANPAINT
Year:        2023-03
Metric:      ROCE
Computed:    32.54
Source:      41.75
Difference:  9.21
Category:    formula discrepancy
Explanation: Computed ROCE (32.54%) vs source snapshot (41.75%). Source is a point-in-time snapshot, computed is for year 2023-03. 

--- Entry 302 ---
Company:     ASIANPAINT
Year:        2023-03
Metric:      ROE
Computed:    26.23
Source:      31.45
Difference:  5.22
Category:    version difference
Explanation: Computed ROE (26.23%) vs source snapshot (31.45%). Source is point-in-time, computed is for year 2023-03.

--- Entry 303 ---
Company:     ASIANPAINT
Year:        2022-03
Metric:      ROCE
Computed:    27.81
Source:      41.75
Difference:  13.94
Category:    formula discrepancy
Explanation: Computed ROCE (27.81%) vs source snapshot (41.75%). Source is a point-in-time snapshot, computed is for year 2022-03. 

--- Entry 304 ---
Company:     ASIANPAINT
Year:        2022-03
Metric:      ROE
Computed:    22.34
Source:      31.45
Difference:  9.11
Category:    version difference
Explanation: Computed ROE (22.34%) vs source snapshot (31.45%). Source is point-in-time, computed is for year 2022-03.

--- Entry 305 ---
Company:     ASIANPAINT
Year:        2021-03
Metric:      ROCE
Computed:    31.63
Source:      41.75
Difference:  10.12
Category:    formula discrepancy
Explanation: Computed ROCE (31.63%) vs source snapshot (41.75%). Source is a point-in-time snapshot, computed is for year 2021-03. 

--- Entry 306 ---
Company:     ASIANPAINT
Year:        2021-03
Metric:      ROE
Computed:    25.04
Source:      31.45
Difference:  6.41
Category:    version difference
Explanation: Computed ROE (25.04%) vs source snapshot (31.45%). Source is point-in-time, computed is for year 2021-03.

--- Entry 307 ---
Company:     ASIANPAINT
Year:        2020-03
Metric:      ROCE
Computed:    33.17
Source:      41.75
Difference:  8.58
Category:    formula discrepancy
Explanation: Computed ROCE (33.17%) vs source snapshot (41.75%). Source is a point-in-time snapshot, computed is for year 2020-03. 

--- Entry 308 ---
Company:     ASIANPAINT
Year:        2019-03
Metric:      ROCE
Computed:    31.66
Source:      41.75
Difference:  10.09
Category:    formula discrepancy
Explanation: Computed ROCE (31.66%) vs source snapshot (41.75%). Source is a point-in-time snapshot, computed is for year 2019-03. 

--- Entry 309 ---
Company:     ASIANPAINT
Year:        2019-03
Metric:      ROE
Computed:    23.31
Source:      31.45
Difference:  8.14
Category:    version difference
Explanation: Computed ROE (23.31%) vs source snapshot (31.45%). Source is point-in-time, computed is for year 2019-03.

--- Entry 310 ---
Company:     ASIANPAINT
Year:        2018-03
Metric:      ROCE
Computed:    35.55
Source:      41.75
Difference:  6.2
Category:    formula discrepancy
Explanation: Computed ROCE (35.55%) vs source snapshot (41.75%). Source is a point-in-time snapshot, computed is for year 2018-03. 

--- Entry 311 ---
Company:     ASIANPAINT
Year:        2018-03
Metric:      ROE
Computed:    24.95
Source:      31.45
Difference:  6.5
Category:    version difference
Explanation: Computed ROE (24.95%) vs source snapshot (31.45%). Source is point-in-time, computed is for year 2018-03.

--- Entry 312 ---
Company:     ASIANPAINT
Year:        2017-03
Metric:      ROCE
Computed:    36.71
Source:      41.75
Difference:  5.04
Category:    formula discrepancy
Explanation: Computed ROCE (36.71%) vs source snapshot (41.75%). Source is a point-in-time snapshot, computed is for year 2017-03. 

--- Entry 313 ---
Company:     BAJAJ-AUTO
Year:        2023-03
Metric:      ROCE
Computed:    26.73
Source:      33.5
Difference:  6.77
Category:    formula discrepancy
Explanation: Computed ROCE (26.73%) vs source snapshot (33.5%). Source is a point-in-time snapshot, computed is for year 2023-03. 

--- Entry 314 ---
Company:     BAJAJ-AUTO
Year:        2023-03
Metric:      ROE
Computed:    20.64
Source:      26.5
Difference:  5.86
Category:    version difference
Explanation: Computed ROE (20.64%) vs source snapshot (26.5%). Source is point-in-time, computed is for year 2023-03.

--- Entry 315 ---
Company:     BAJAJ-AUTO
Year:        2022-03
Metric:      ROCE
Computed:    25.55
Source:      33.5
Difference:  7.95
Category:    formula discrepancy
Explanation: Computed ROCE (25.55%) vs source snapshot (33.5%). Source is a point-in-time snapshot, computed is for year 2022-03. 

--- Entry 316 ---
Company:     BAJAJ-AUTO
Year:        2022-03
Metric:      ROE
Computed:    20.65
Source:      26.5
Difference:  5.85
Category:    version difference
Explanation: Computed ROE (20.65%) vs source snapshot (26.5%). Source is point-in-time, computed is for year 2022-03.

--- Entry 317 ---
Company:     BAJAJ-AUTO
Year:        2021-03
Metric:      ROCE
Computed:    22.81
Source:      33.5
Difference:  10.69
Category:    formula discrepancy
Explanation: Computed ROCE (22.81%) vs source snapshot (33.5%). Source is a point-in-time snapshot, computed is for year 2021-03. 

--- Entry 318 ---
Company:     BAJAJ-AUTO
Year:        2021-03
Metric:      ROE
Computed:    17.81
Source:      26.5
Difference:  8.69
Category:    version difference
Explanation: Computed ROE (17.81%) vs source snapshot (26.5%). Source is point-in-time, computed is for year 2021-03.

--- Entry 319 ---
Company:     BAJAJ-AUTO
Year:        2019-03
Metric:      ROE
Computed:    21.21
Source:      26.5
Difference:  5.29
Category:    version difference
Explanation: Computed ROE (21.21%) vs source snapshot (26.5%). Source is point-in-time, computed is for year 2019-03.

--- Entry 320 ---
Company:     BAJAJ-AUTO
Year:        2018-03
Metric:      ROE
Computed:    20.66
Source:      26.5
Difference:  5.84
Category:    version difference
Explanation: Computed ROE (20.66%) vs source snapshot (26.5%). Source is point-in-time, computed is for year 2018-03.

--- Entry 321 ---
Company:     BAJAJ-AUTO
Year:        2016-03
Metric:      ROCE
Computed:    40.18
Source:      33.5
Difference:  6.68
Category:    formula discrepancy
Explanation: Computed ROCE (40.18%) vs source snapshot (33.5%). Source is a point-in-time snapshot, computed is for year 2016-03. 

--- Entry 322 ---
Company:     BAJAJ-AUTO
Year:        2014-03
Metric:      ROCE
Computed:    45.53
Source:      33.5
Difference:  12.03
Category:    formula discrepancy
Explanation: Computed ROCE (45.53%) vs source snapshot (33.5%). Source is a point-in-time snapshot, computed is for year 2014-03. 

--- Entry 323 ---
Company:     BAJAJ-AUTO
Year:        2014-03
Metric:      ROE
Computed:    33.24
Source:      26.5
Difference:  6.74
Category:    version difference
Explanation: Computed ROE (33.24%) vs source snapshot (26.5%). Source is point-in-time, computed is for year 2014-03.

--- Entry 324 ---
Company:     BAJAJ-AUTO
Year:        2013-03
Metric:      ROCE
Computed:    52.29
Source:      33.5
Difference:  18.79
Category:    formula discrepancy
Explanation: Computed ROCE (52.29%) vs source snapshot (33.5%). Source is a point-in-time snapshot, computed is for year 2013-03. 

--- Entry 325 ---
Company:     BAJAJ-AUTO
Year:        2013-03
Metric:      ROE
Computed:    38.85
Source:      26.5
Difference:  12.35
Category:    version difference
Explanation: Computed ROE (38.85%) vs source snapshot (26.5%). Source is point-in-time, computed is for year 2013-03.

--- Entry 326 ---
Company:     ATGL
Year:        2021-03
Metric:      ROCE
Computed:    27.24
Source:      21.2
Difference:  6.04
Category:    formula discrepancy
Explanation: Computed ROCE (27.24%) vs source snapshot (21.2%). Source is a point-in-time snapshot, computed is for year 2021-03. 

--- Entry 327 ---
Company:     BAJAJFINSV
Year:        2016-03
Metric:      ROCE
Computed:    13.45
Source:      21.14
Difference:  7.69
Category:    version difference
Explanation: Computed ROCE (13.45%) vs source snapshot (21.14%). Source is a point-in-time snapshot, computed is for year 2016-03. Financials sector — structural differences expected.

--- Entry 328 ---
Company:     BAJAJFINSV
Year:        2016-03
Metric:      ROE
Computed:    20.41
Source:      11.72
Difference:  8.69
Category:    version difference
Explanation: Computed ROE (20.41%) vs source snapshot (11.72%). Source is point-in-time, computed is for year 2016-03.

--- Entry 329 ---
Company:     BAJAJFINSV
Year:        2015-03
Metric:      ROCE
Computed:    14.65
Source:      21.14
Difference:  6.49
Category:    version difference
Explanation: Computed ROCE (14.65%) vs source snapshot (21.14%). Source is a point-in-time snapshot, computed is for year 2015-03. Financials sector — structural differences expected.

--- Entry 330 ---
Company:     BAJAJFINSV
Year:        2015-03
Metric:      ROE
Computed:    21.72
Source:      11.72
Difference:  10.0
Category:    version difference
Explanation: Computed ROE (21.72%) vs source snapshot (11.72%). Source is point-in-time, computed is for year 2015-03.

--- Entry 331 ---
Company:     BAJAJFINSV
Year:        2014-03
Metric:      ROCE
Computed:    15.49
Source:      21.14
Difference:  5.65
Category:    version difference
Explanation: Computed ROCE (15.49%) vs source snapshot (21.14%). Source is a point-in-time snapshot, computed is for year 2014-03. Financials sector — structural differences expected.

--- Entry 332 ---
Company:     BAJAJFINSV
Year:        2014-03
Metric:      ROE
Computed:    23.53
Source:      11.72
Difference:  11.81
Category:    version difference
Explanation: Computed ROE (23.53%) vs source snapshot (11.72%). Source is point-in-time, computed is for year 2014-03.

--- Entry 333 ---
Company:     BAJAJFINSV
Year:        2013-03
Metric:      ROE
Computed:    28.38
Source:      11.72
Difference:  16.66
Category:    version difference
Explanation: Computed ROE (28.38%) vs source snapshot (11.72%). Source is point-in-time, computed is for year 2013-03.

--- Entry 334 ---
Company:     AXISBANK
Year:        2023-03
Metric:      ROE
Computed:    7.38
Source:      18.4
Difference:  11.02
Category:    version difference
Explanation: Computed ROE (7.38%) vs source snapshot (18.4%). Source is point-in-time, computed is for year 2023-03.

--- Entry 335 ---
Company:     AXISBANK
Year:        2022-03
Metric:      ROE
Computed:    11.01
Source:      18.4
Difference:  7.39
Category:    version difference
Explanation: Computed ROE (11.01%) vs source snapshot (18.4%). Source is point-in-time, computed is for year 2022-03.

--- Entry 336 ---
Company:     AXISBANK
Year:        2021-03
Metric:      ROE
Computed:    6.36
Source:      18.4
Difference:  12.04
Category:    version difference
Explanation: Computed ROE (6.36%) vs source snapshot (18.4%). Source is point-in-time, computed is for year 2021-03.

--- Entry 337 ---
Company:     AXISBANK
Year:        2020-03
Metric:      ROE
Computed:    1.88
Source:      18.4
Difference:  16.52
Category:    version difference
Explanation: Computed ROE (1.88%) vs source snapshot (18.4%). Source is point-in-time, computed is for year 2020-03.

--- Entry 338 ---
Company:     AXISBANK
Year:        2019-03
Metric:      ROE
Computed:    6.9
Source:      18.4
Difference:  11.5
Category:    version difference
Explanation: Computed ROE (6.90%) vs source snapshot (18.4%). Source is point-in-time, computed is for year 2019-03.

--- Entry 339 ---
Company:     AXISBANK
Year:        2018-03
Metric:      ROCE
Computed:    1.64
Source:      7.06
Difference:  5.42
Category:    version difference
Explanation: Computed ROCE (1.64%) vs source snapshot (7.06%). Source is a point-in-time snapshot, computed is for year 2018-03. Financials sector — structural differences expected.

--- Entry 340 ---
Company:     AXISBANK
Year:        2018-03
Metric:      ROE
Computed:    0.43
Source:      18.4
Difference:  17.97
Category:    version difference
Explanation: Computed ROE (0.43%) vs source snapshot (18.4%). Source is point-in-time, computed is for year 2018-03.

--- Entry 341 ---
Company:     AXISBANK
Year:        2017-03
Metric:      ROE
Computed:    6.53
Source:      18.4
Difference:  11.87
Category:    version difference
Explanation: Computed ROE (6.53%) vs source snapshot (18.4%). Source is point-in-time, computed is for year 2017-03.

--- Entry 342 ---
Company:     BAJAJHLDNG
Year:        2017-03
Metric:      ROCE
Computed:    3.54
Source:      13.1
Difference:  9.56
Category:    version difference
Explanation: Computed ROCE (3.54%) vs source snapshot (13.1%). Source is a point-in-time snapshot, computed is for year 2017-03. Financials sector — structural differences expected.

--- Entry 343 ---
Company:     BAJAJHLDNG
Year:        2016-03
Metric:      ROCE
Computed:    2.81
Source:      13.1
Difference:  10.29
Category:    version difference
Explanation: Computed ROCE (2.81%) vs source snapshot (13.1%). Source is a point-in-time snapshot, computed is for year 2016-03. Financials sector — structural differences expected.

--- Entry 344 ---
Company:     BAJAJHLDNG
Year:        2015-03
Metric:      ROCE
Computed:    3.83
Source:      13.1
Difference:  9.27
Category:    version difference
Explanation: Computed ROCE (3.83%) vs source snapshot (13.1%). Source is a point-in-time snapshot, computed is for year 2015-03. Financials sector — structural differences expected.

--- Entry 345 ---
Company:     BAJAJHLDNG
Year:        2014-03
Metric:      ROCE
Computed:    3.33
Source:      13.1
Difference:  9.77
Category:    version difference
Explanation: Computed ROCE (3.33%) vs source snapshot (13.1%). Source is a point-in-time snapshot, computed is for year 2014-03. Financials sector — structural differences expected.

--- Entry 346 ---
Company:     BAJAJHLDNG
Year:        2013-03
Metric:      ROCE
Computed:    3.11
Source:      13.1
Difference:  9.99
Category:    version difference
Explanation: Computed ROCE (3.11%) vs source snapshot (13.1%). Source is a point-in-time snapshot, computed is for year 2013-03. Financials sector — structural differences expected.

--- Entry 347 ---
Company:     BAJAJFINSV
Year:        2024-03
Metric:      ROCE
Computed:    11.45
Source:      21.14
Difference:  9.69
Category:    version difference
Explanation: Computed ROCE (11.45%) vs source snapshot (21.14%). Source is a point-in-time snapshot, computed is for year 2024-03. Financials sector — structural differences expected.

--- Entry 348 ---
Company:     BAJAJFINSV
Year:        2024-03
Metric:      ROE
Computed:    25.85
Source:      11.72
Difference:  14.13
Category:    version difference
Explanation: Computed ROE (25.85%) vs source snapshot (11.72%). Source is point-in-time, computed is for year 2024-03.

--- Entry 349 ---
Company:     BAJAJFINSV
Year:        2023-03
Metric:      ROCE
Computed:    11.28
Source:      21.14
Difference:  9.86
Category:    version difference
Explanation: Computed ROCE (11.28%) vs source snapshot (21.14%). Source is a point-in-time snapshot, computed is for year 2023-03. Financials sector — structural differences expected.

--- Entry 350 ---
Company:     BAJAJFINSV
Year:        2023-03
Metric:      ROE
Computed:    26.31
Source:      11.72
Difference:  14.59
Category:    version difference
Explanation: Computed ROE (26.31%) vs source snapshot (11.72%). Source is point-in-time, computed is for year 2023-03.

--- Entry 351 ---
Company:     BAJAJFINSV
Year:        2022-03
Metric:      ROCE
Computed:    10.38
Source:      21.14
Difference:  10.76
Category:    version difference
Explanation: Computed ROCE (10.38%) vs source snapshot (21.14%). Source is a point-in-time snapshot, computed is for year 2022-03. Financials sector — structural differences expected.

--- Entry 352 ---
Company:     BAJAJFINSV
Year:        2022-03
Metric:      ROE
Computed:    20.66
Source:      11.72
Difference:  8.94
Category:    version difference
Explanation: Computed ROE (20.66%) vs source snapshot (11.72%). Source is point-in-time, computed is for year 2022-03.

--- Entry 353 ---
Company:     BAJAJFINSV
Year:        2021-03
Metric:      ROCE
Computed:    11.65
Source:      21.14
Difference:  9.49
Category:    version difference
Explanation: Computed ROCE (11.65%) vs source snapshot (21.14%). Source is a point-in-time snapshot, computed is for year 2021-03. Financials sector — structural differences expected.

--- Entry 354 ---
Company:     BAJAJFINSV
Year:        2021-03
Metric:      ROE
Computed:    20.56
Source:      11.72
Difference:  8.84
Category:    version difference
Explanation: Computed ROE (20.56%) vs source snapshot (11.72%). Source is point-in-time, computed is for year 2021-03.

--- Entry 355 ---
Company:     BAJAJFINSV
Year:        2020-03
Metric:      ROCE
Computed:    11.23
Source:      21.14
Difference:  9.91
Category:    version difference
Explanation: Computed ROCE (11.23%) vs source snapshot (21.14%). Source is a point-in-time snapshot, computed is for year 2020-03. Financials sector — structural differences expected.

--- Entry 356 ---
Company:     BAJAJFINSV
Year:        2020-03
Metric:      ROE
Computed:    19.15
Source:      11.72
Difference:  7.43
Category:    version difference
Explanation: Computed ROE (19.15%) vs source snapshot (11.72%). Source is point-in-time, computed is for year 2020-03.

--- Entry 357 ---
Company:     BAJAJFINSV
Year:        2019-03
Metric:      ROCE
Computed:    11.99
Source:      21.14
Difference:  9.15
Category:    version difference
Explanation: Computed ROCE (11.99%) vs source snapshot (21.14%). Source is a point-in-time snapshot, computed is for year 2019-03. Financials sector — structural differences expected.

--- Entry 358 ---
Company:     BAJAJFINSV
Year:        2019-03
Metric:      ROE
Computed:    22.64
Source:      11.72
Difference:  10.92
Category:    version difference
Explanation: Computed ROE (22.64%) vs source snapshot (11.72%). Source is point-in-time, computed is for year 2019-03.

--- Entry 359 ---
Company:     BAJAJFINSV
Year:        2018-03
Metric:      ROCE
Computed:    12.33
Source:      21.14
Difference:  8.81
Category:    version difference
Explanation: Computed ROCE (12.33%) vs source snapshot (21.14%). Source is a point-in-time snapshot, computed is for year 2018-03. Financials sector — structural differences expected.

--- Entry 360 ---
Company:     BAJAJFINSV
Year:        2018-03
Metric:      ROE
Computed:    20.39
Source:      11.72
Difference:  8.67
Category:    version difference
Explanation: Computed ROE (20.39%) vs source snapshot (11.72%). Source is point-in-time, computed is for year 2018-03.

--- Entry 361 ---
Company:     BAJAJFINSV
Year:        2017-03
Metric:      ROCE
Computed:    13.41
Source:      21.14
Difference:  7.73
Category:    version difference
Explanation: Computed ROCE (13.41%) vs source snapshot (21.14%). Source is a point-in-time snapshot, computed is for year 2017-03. Financials sector — structural differences expected.

--- Entry 362 ---
Company:     BAJAJFINSV
Year:        2017-03
Metric:      ROE
Computed:    21.36
Source:      11.72
Difference:  9.64
Category:    version difference
Explanation: Computed ROE (21.36%) vs source snapshot (11.72%). Source is point-in-time, computed is for year 2017-03.

--- Entry 363 ---
Company:     BAJFINANCE
Year:        2024-03
Metric:      ROCE
Computed:    5.22
Source:      11.9
Difference:  6.68
Category:    version difference
Explanation: Computed ROCE (5.22%) vs source snapshot (11.9%). Source is a point-in-time snapshot, computed is for year 2024-03. Financials sector — structural differences expected.

--- Entry 364 ---
Company:     BAJFINANCE
Year:        2023-03
Metric:      ROCE
Computed:    5.73
Source:      11.9
Difference:  6.17
Category:    version difference
Explanation: Computed ROCE (5.73%) vs source snapshot (11.9%). Source is a point-in-time snapshot, computed is for year 2023-03. Financials sector — structural differences expected.

--- Entry 365 ---
Company:     BAJFINANCE
Year:        2022-03
Metric:      ROCE
Computed:    4.54
Source:      11.9
Difference:  7.36
Category:    version difference
Explanation: Computed ROCE (4.54%) vs source snapshot (11.9%). Source is a point-in-time snapshot, computed is for year 2022-03. Financials sector — structural differences expected.

--- Entry 366 ---
Company:     BAJFINANCE
Year:        2022-03
Metric:      ROE
Computed:    16.08
Source:      22.1
Difference:  6.02
Category:    version difference
Explanation: Computed ROE (16.08%) vs source snapshot (22.1%). Source is point-in-time, computed is for year 2022-03.

--- Entry 367 ---
Company:     BAJFINANCE
Year:        2021-03
Metric:      ROCE
Computed:    3.56
Source:      11.9
Difference:  8.34
Category:    version difference
Explanation: Computed ROCE (3.56%) vs source snapshot (11.9%). Source is a point-in-time snapshot, computed is for year 2021-03. Financials sector — structural differences expected.

--- Entry 368 ---
Company:     BAJFINANCE
Year:        2021-03
Metric:      ROE
Computed:    11.97
Source:      22.1
Difference:  10.13
Category:    version difference
Explanation: Computed ROE (11.97%) vs source snapshot (22.1%). Source is point-in-time, computed is for year 2021-03.

--- Entry 369 ---
Company:     BAJFINANCE
Year:        2020-03
Metric:      ROCE
Computed:    4.52
Source:      11.9
Difference:  7.38
Category:    version difference
Explanation: Computed ROCE (4.52%) vs source snapshot (11.9%). Source is a point-in-time snapshot, computed is for year 2020-03. Financials sector — structural differences expected.

--- Entry 370 ---
Company:     BAJFINANCE
Year:        2020-03
Metric:      ROE
Computed:    16.28
Source:      22.1
Difference:  5.82
Category:    version difference
Explanation: Computed ROE (16.28%) vs source snapshot (22.1%). Source is point-in-time, computed is for year 2020-03.

--- Entry 371 ---
Company:     BAJFINANCE
Year:        2019-03
Metric:      ROCE
Computed:    5.11
Source:      11.9
Difference:  6.79
Category:    version difference
Explanation: Computed ROCE (5.11%) vs source snapshot (11.9%). Source is a point-in-time snapshot, computed is for year 2019-03. Financials sector — structural differences expected.

--- Entry 372 ---
Company:     BAJFINANCE
Year:        2018-03
Metric:      ROCE
Computed:    4.68
Source:      11.9
Difference:  7.22
Category:    version difference
Explanation: Computed ROCE (4.68%) vs source snapshot (11.9%). Source is a point-in-time snapshot, computed is for year 2018-03. Financials sector — structural differences expected.

--- Entry 373 ---
Company:     BAJFINANCE
Year:        2018-03
Metric:      ROE
Computed:    15.75
Source:      22.1
Difference:  6.35
Category:    version difference
Explanation: Computed ROE (15.75%) vs source snapshot (22.1%). Source is point-in-time, computed is for year 2018-03.

--- Entry 374 ---
Company:     BAJFINANCE
Year:        2017-03
Metric:      ROCE
Computed:    4.82
Source:      11.9
Difference:  7.08
Category:    version difference
Explanation: Computed ROCE (4.82%) vs source snapshot (11.9%). Source is a point-in-time snapshot, computed is for year 2017-03. Financials sector — structural differences expected.

--- Entry 375 ---
Company:     BAJFINANCE
Year:        2016-03
Metric:      ROCE
Computed:    4.5
Source:      11.9
Difference:  7.4
Category:    version difference
Explanation: Computed ROCE (4.50%) vs source snapshot (11.9%). Source is a point-in-time snapshot, computed is for year 2016-03. Financials sector — structural differences expected.

--- Entry 376 ---
Company:     BAJFINANCE
Year:        2015-03
Metric:      ROCE
Computed:    4.4
Source:      11.9
Difference:  7.5
Category:    version difference
Explanation: Computed ROCE (4.40%) vs source snapshot (11.9%). Source is a point-in-time snapshot, computed is for year 2015-03. Financials sector — structural differences expected.

--- Entry 377 ---
Company:     BAJAJHLDNG
Year:        2022-03
Metric:      ROE
Computed:    9.63
Source:      14.8
Difference:  5.17
Category:    version difference
Explanation: Computed ROE (9.63%) vs source snapshot (14.8%). Source is point-in-time, computed is for year 2022-03.

--- Entry 378 ---
Company:     BHARTIARTL
Year:        2018-03
Metric:      ROCE
Computed:    6.96
Source:      13.1
Difference:  6.14
Category:    formula discrepancy
Explanation: Computed ROCE (6.96%) vs source snapshot (13.1%). Source is a point-in-time snapshot, computed is for year 2018-03. 

--- Entry 379 ---
Company:     BHARTIARTL
Year:        2018-03
Metric:      ROE
Computed:    3.14
Source:      14.9
Difference:  11.76
Category:    version difference
Explanation: Computed ROE (3.14%) vs source snapshot (14.9%). Source is point-in-time, computed is for year 2018-03.

--- Entry 380 ---
Company:     BHARTIARTL
Year:        2017-03
Metric:      ROE
Computed:    6.29
Source:      14.9
Difference:  8.61
Category:    version difference
Explanation: Computed ROE (6.29%) vs source snapshot (14.9%). Source is point-in-time, computed is for year 2017-03.

--- Entry 381 ---
Company:     BHARTIARTL
Year:        2014-03
Metric:      ROE
Computed:    5.05
Source:      14.9
Difference:  9.85
Category:    version difference
Explanation: Computed ROE (5.05%) vs source snapshot (14.9%). Source is point-in-time, computed is for year 2014-03.

--- Entry 382 ---
Company:     BHARTIARTL
Year:        2013-03
Metric:      ROCE
Computed:    7.95
Source:      13.1
Difference:  5.15
Category:    formula discrepancy
Explanation: Computed ROCE (7.95%) vs source snapshot (13.1%). Source is a point-in-time snapshot, computed is for year 2013-03. 

--- Entry 383 ---
Company:     BHARTIARTL
Year:        2013-03
Metric:      ROE
Computed:    4.5
Source:      14.9
Difference:  10.4
Category:    version difference
Explanation: Computed ROE (4.50%) vs source snapshot (14.9%). Source is point-in-time, computed is for year 2013-03.

--- Entry 384 ---
Company:     BANKBARODA
Year:        2022-03
Metric:      ROE
Computed:    8.64
Source:      16.7
Difference:  8.06
Category:    version difference
Explanation: Computed ROE (8.64%) vs source snapshot (16.7%). Source is point-in-time, computed is for year 2022-03.

--- Entry 385 ---
Company:     BANKBARODA
Year:        2021-03
Metric:      ROE
Computed:    1.97
Source:      16.7
Difference:  14.73
Category:    version difference
Explanation: Computed ROE (1.97%) vs source snapshot (16.7%). Source is point-in-time, computed is for year 2021-03.

--- Entry 386 ---
Company:     BANKBARODA
Year:        2020-03
Metric:      ROCE
Computed:    0.96
Source:      6.33
Difference:  5.37
Category:    version difference
Explanation: Computed ROCE (0.96%) vs source snapshot (6.33%). Source is a point-in-time snapshot, computed is for year 2020-03. Financials sector — structural differences expected.

--- Entry 387 ---
Company:     BANKBARODA
Year:        2020-03
Metric:      ROE
Computed:    1.29
Source:      16.7
Difference:  15.41
Category:    version difference
Explanation: Computed ROE (1.29%) vs source snapshot (16.7%). Source is point-in-time, computed is for year 2020-03.

--- Entry 388 ---
Company:     BANKBARODA
Year:        2019-03
Metric:      ROCE
Computed:    1.19
Source:      6.33
Difference:  5.14
Category:    version difference
Explanation: Computed ROCE (1.19%) vs source snapshot (6.33%). Source is a point-in-time snapshot, computed is for year 2019-03. Financials sector — structural differences expected.

--- Entry 389 ---
Company:     BANKBARODA
Year:        2019-03
Metric:      ROE
Computed:    2.12
Source:      16.7
Difference:  14.58
Category:    version difference
Explanation: Computed ROE (2.12%) vs source snapshot (16.7%). Source is point-in-time, computed is for year 2019-03.

--- Entry 390 ---
Company:     BANKBARODA
Year:        2018-03
Metric:      ROCE
Computed:    0.82
Source:      6.33
Difference:  5.51
Category:    version difference
Explanation: Computed ROCE (0.82%) vs source snapshot (6.33%). Source is a point-in-time snapshot, computed is for year 2018-03. Financials sector — structural differences expected.

--- Entry 391 ---
Company:     BANKBARODA
Year:        2018-03
Metric:      ROE
Computed:    -3.94
Source:      16.7
Difference:  20.64
Category:    version difference
Explanation: Computed ROE (-3.94%) vs source snapshot (16.7%). Source is point-in-time, computed is for year 2018-03.

--- Entry 392 ---
Company:     BANKBARODA
Year:        2017-03
Metric:      ROE
Computed:    4.31
Source:      16.7
Difference:  12.39
Category:    version difference
Explanation: Computed ROE (4.31%) vs source snapshot (16.7%). Source is point-in-time, computed is for year 2017-03.

--- Entry 393 ---
Company:     BANKBARODA
Year:        2016-03
Metric:      ROCE
Computed:    -0.04
Source:      6.33
Difference:  6.37
Category:    version difference
Explanation: Computed ROCE (-0.04%) vs source snapshot (6.33%). Source is a point-in-time snapshot, computed is for year 2016-03. Financials sector — structural differences expected.

--- Entry 394 ---
Company:     BANKBARODA
Year:        2016-03
Metric:      ROE
Computed:    -11.84
Source:      16.7
Difference:  28.54
Category:    version difference
Explanation: Computed ROE (-11.84%) vs source snapshot (16.7%). Source is point-in-time, computed is for year 2016-03.

--- Entry 395 ---
Company:     BANKBARODA
Year:        2015-03
Metric:      ROE
Computed:    9.4
Source:      16.7
Difference:  7.3
Category:    version difference
Explanation: Computed ROE (9.40%) vs source snapshot (16.7%). Source is point-in-time, computed is for year 2015-03.

--- Entry 396 ---
Company:     BEL
Year:        2022-03
Metric:      ROCE
Computed:    2500.0
Source:      34.6
Difference:  2465.4
Category:    formula discrepancy
Explanation: Computed ROCE (2500.00%) vs source snapshot (34.6%). Source is a point-in-time snapshot, computed is for year 2022-03. 

--- Entry 397 ---
Company:     BEL
Year:        2022-03
Metric:      ROE
Computed:    3478.26
Source:      26.3
Difference:  3451.96
Category:    version difference
Explanation: Computed ROE (3478.26%) vs source snapshot (26.3%). Source is point-in-time, computed is for year 2022-03.

--- Entry 398 ---
Company:     BEL
Year:        2021-03
Metric:      ROCE
Computed:    2733.33
Source:      34.6
Difference:  2698.73
Category:    formula discrepancy
Explanation: Computed ROCE (2733.33%) vs source snapshot (34.6%). Source is a point-in-time snapshot, computed is for year 2021-03. 

--- Entry 399 ---
Company:     BEL
Year:        2021-03
Metric:      ROE
Computed:    3559.32
Source:      26.3
Difference:  3533.02
Category:    version difference
Explanation: Computed ROE (3559.32%) vs source snapshot (26.3%). Source is point-in-time, computed is for year 2021-03.

--- Entry 400 ---
Company:     BEL
Year:        2020-03
Metric:      ROCE
Computed:    2511.11
Source:      34.6
Difference:  2476.51
Category:    formula discrepancy
Explanation: Computed ROCE (2511.11%) vs source snapshot (34.6%). Source is a point-in-time snapshot, computed is for year 2020-03. 

--- Entry 401 ---
Company:     BEL
Year:        2020-03
Metric:      ROE
Computed:    3318.18
Source:      26.3
Difference:  3291.88
Category:    version difference
Explanation: Computed ROE (3318.18%) vs source snapshot (26.3%). Source is point-in-time, computed is for year 2020-03.

--- Entry 402 ---
Company:     BEL
Year:        2019-03
Metric:      ROCE
Computed:    2754.17
Source:      34.6
Difference:  2719.57
Category:    formula discrepancy
Explanation: Computed ROCE (2754.17%) vs source snapshot (34.6%). Source is a point-in-time snapshot, computed is for year 2019-03. 

--- Entry 403 ---
Company:     BEL
Year:        2019-03
Metric:      ROE
Computed:    3851.02
Source:      26.3
Difference:  3824.72
Category:    version difference
Explanation: Computed ROE (3851.02%) vs source snapshot (26.3%). Source is point-in-time, computed is for year 2019-03.

--- Entry 404 ---
Company:     BEL
Year:        2018-03
Metric:      ROCE
Computed:    2484.81
Source:      34.6
Difference:  2450.21
Category:    formula discrepancy
Explanation: Computed ROCE (2484.81%) vs source snapshot (34.6%). Source is a point-in-time snapshot, computed is for year 2018-03. 

--- Entry 405 ---
Company:     BEL
Year:        2018-03
Metric:      ROE
Computed:    4616.13
Source:      26.3
Difference:  4589.83
Category:    version difference
Explanation: Computed ROE (4616.13%) vs source snapshot (26.3%). Source is point-in-time, computed is for year 2018-03.

--- Entry 406 ---
Company:     BEL
Year:        2017-03
Metric:      ROCE
Computed:    4547.73
Source:      34.6
Difference:  4513.13
Category:    formula discrepancy
Explanation: Computed ROCE (4547.73%) vs source snapshot (34.6%). Source is a point-in-time snapshot, computed is for year 2017-03. 

--- Entry 407 ---
Company:     BEL
Year:        2017-03
Metric:      ROE
Computed:    10153.33
Source:      26.3
Difference:  10127.03
Category:    version difference
Explanation: Computed ROE (10153.33%) vs source snapshot (26.3%). Source is point-in-time, computed is for year 2017-03.

--- Entry 408 ---
Company:     BEL
Year:        2016-03
Metric:      ROCE
Computed:    4794.59
Source:      34.6
Difference:  4759.99
Category:    formula discrepancy
Explanation: Computed ROCE (4794.59%) vs source snapshot (34.6%). Source is a point-in-time snapshot, computed is for year 2016-03. 

--- Entry 409 ---
Company:     BEL
Year:        2016-03
Metric:      ROE
Computed:    11141.67
Source:      26.3
Difference:  11115.37
Category:    version difference
Explanation: Computed ROE (11141.67%) vs source snapshot (26.3%). Source is point-in-time, computed is for year 2016-03.

--- Entry 410 ---
Company:     BEL
Year:        2015-03
Metric:      ROCE
Computed:    4606.06
Source:      34.6
Difference:  4571.46
Category:    formula discrepancy
Explanation: Computed ROCE (4606.06%) vs source snapshot (34.6%). Source is a point-in-time snapshot, computed is for year 2015-03. 

--- Entry 411 ---
Company:     BEL
Year:        2015-03
Metric:      ROE
Computed:    17100.0
Source:      26.3
Difference:  17073.7
Category:    version difference
Explanation: Computed ROE (17100.00%) vs source snapshot (26.3%). Source is point-in-time, computed is for year 2015-03.

--- Entry 412 ---
Company:     BEL
Year:        2014-03
Metric:      ROCE
Computed:    4332.14
Source:      34.6
Difference:  4297.54
Category:    formula discrepancy
Explanation: Computed ROCE (4332.14%) vs source snapshot (34.6%). Source is a point-in-time snapshot, computed is for year 2014-03. 

--- Entry 413 ---
Company:     BEL
Year:        2014-03
Metric:      ROE
Computed:    13600.0
Source:      26.3
Difference:  13573.7
Category:    version difference
Explanation: Computed ROE (13600.00%) vs source snapshot (26.3%). Source is point-in-time, computed is for year 2014-03.

--- Entry 414 ---
Company:     BEL
Year:        2013-03
Metric:      ROCE
Computed:    3846.67
Source:      34.6
Difference:  3812.07
Category:    formula discrepancy
Explanation: Computed ROCE (3846.67%) vs source snapshot (34.6%). Source is a point-in-time snapshot, computed is for year 2013-03. 

--- Entry 415 ---
Company:     BEL
Year:        2013-03
Metric:      ROE
Computed:    15183.33
Source:      26.3
Difference:  15157.03
Category:    version difference
Explanation: Computed ROE (15183.33%) vs source snapshot (26.3%). Source is point-in-time, computed is for year 2013-03.

--- Entry 416 ---
Company:     BHARTIARTL
Year:        2021-03
Metric:      ROCE
Computed:    5.26
Source:      13.1
Difference:  7.84
Category:    formula discrepancy
Explanation: Computed ROCE (5.26%) vs source snapshot (13.1%). Source is a point-in-time snapshot, computed is for year 2021-03. 

--- Entry 417 ---
Company:     BHARTIARTL
Year:        2021-03
Metric:      ROE
Computed:    -20.97
Source:      14.9
Difference:  35.87
Category:    version difference
Explanation: Computed ROE (-20.97%) vs source snapshot (14.9%). Source is point-in-time, computed is for year 2021-03.

--- Entry 418 ---
Company:     BHARTIARTL
Year:        2020-03
Metric:      ROCE
Computed:    -12.8
Source:      13.1
Difference:  25.9
Category:    formula discrepancy
Explanation: Computed ROCE (-12.80%) vs source snapshot (13.1%). Source is a point-in-time snapshot, computed is for year 2020-03. 

--- Entry 419 ---
Company:     BHARTIARTL
Year:        2020-03
Metric:      ROE
Computed:    -39.75
Source:      14.9
Difference:  54.65
Category:    version difference
Explanation: Computed ROE (-39.75%) vs source snapshot (14.9%). Source is point-in-time, computed is for year 2020-03.

--- Entry 420 ---
Company:     BHARTIARTL
Year:        2019-03
Metric:      ROCE
Computed:    4.52
Source:      13.1
Difference:  8.58
Category:    formula discrepancy
Explanation: Computed ROCE (4.52%) vs source snapshot (13.1%). Source is a point-in-time snapshot, computed is for year 2019-03. 

--- Entry 421 ---
Company:     BHARTIARTL
Year:        2019-03
Metric:      ROE
Computed:    2.36
Source:      14.9
Difference:  12.54
Category:    version difference
Explanation: Computed ROE (2.36%) vs source snapshot (14.9%). Source is point-in-time, computed is for year 2019-03.

--- Entry 422 ---
Company:     BHEL
Year:        2021-03
Metric:      ROCE
Computed:    -10.12
Source:      3.28
Difference:  13.4
Category:    formula discrepancy
Explanation: Computed ROCE (-10.12%) vs source snapshot (3.28%). Source is a point-in-time snapshot, computed is for year 2021-03. 

--- Entry 423 ---
Company:     BHEL
Year:        2021-03
Metric:      ROE
Computed:    -10.39
Source:      1.05
Difference:  11.44
Category:    version difference
Explanation: Computed ROE (-10.39%) vs source snapshot (1.05%). Source is point-in-time, computed is for year 2021-03.

--- Entry 424 ---
Company:     BHEL
Year:        2020-03
Metric:      ROE
Computed:    -5.12
Source:      1.05
Difference:  6.17
Category:    version difference
Explanation: Computed ROE (-5.12%) vs source snapshot (1.05%). Source is point-in-time, computed is for year 2020-03.

--- Entry 425 ---
Company:     BHEL
Year:        2016-03
Metric:      ROCE
Computed:    -2.46
Source:      3.28
Difference:  5.74
Category:    formula discrepancy
Explanation: Computed ROCE (-2.46%) vs source snapshot (3.28%). Source is a point-in-time snapshot, computed is for year 2016-03. 

--- Entry 426 ---
Company:     BHEL
Year:        2014-03
Metric:      ROCE
Computed:    13.76
Source:      3.28
Difference:  10.48
Category:    formula discrepancy
Explanation: Computed ROCE (13.76%) vs source snapshot (3.28%). Source is a point-in-time snapshot, computed is for year 2014-03. 

--- Entry 427 ---
Company:     BHEL
Year:        2014-03
Metric:      ROE
Computed:    10.56
Source:      1.05
Difference:  9.51
Category:    version difference
Explanation: Computed ROE (10.56%) vs source snapshot (1.05%). Source is point-in-time, computed is for year 2014-03.

--- Entry 428 ---
Company:     BHEL
Year:        2013-03
Metric:      ROCE
Computed:    29.05
Source:      3.28
Difference:  25.77
Category:    formula discrepancy
Explanation: Computed ROCE (29.05%) vs source snapshot (3.28%). Source is a point-in-time snapshot, computed is for year 2013-03. 

--- Entry 429 ---
Company:     BHEL
Year:        2013-03
Metric:      ROE
Computed:    21.91
Source:      1.05
Difference:  20.86
Category:    version difference
Explanation: Computed ROE (21.91%) vs source snapshot (1.05%). Source is point-in-time, computed is for year 2013-03.

--- Entry 430 ---
Company:     BEL
Year:        2024-03
Metric:      ROCE
Computed:    4155.91
Source:      34.6
Difference:  4121.31
Category:    formula discrepancy
Explanation: Computed ROCE (4155.91%) vs source snapshot (34.6%). Source is a point-in-time snapshot, computed is for year 2024-03. 

--- Entry 431 ---
Company:     BEL
Year:        2024-03
Metric:      ROE
Computed:    4744.05
Source:      26.3
Difference:  4717.75
Category:    version difference
Explanation: Computed ROE (4744.05%) vs source snapshot (26.3%). Source is point-in-time, computed is for year 2024-03.

--- Entry 432 ---
Company:     BEL
Year:        2023-03
Metric:      ROCE
Computed:    3457.89
Source:      34.6
Difference:  3423.29
Category:    formula discrepancy
Explanation: Computed ROCE (3457.89%) vs source snapshot (34.6%). Source is a point-in-time snapshot, computed is for year 2023-03. 

--- Entry 433 ---
Company:     BEL
Year:        2023-03
Metric:      ROE
Computed:    3981.33
Source:      26.3
Difference:  3955.03
Category:    version difference
Explanation: Computed ROE (3981.33%) vs source snapshot (26.3%). Source is point-in-time, computed is for year 2023-03.

--- Entry 434 ---
Company:     BPCL
Year:        2018-03
Metric:      ROCE
Computed:    20.68
Source:      32.1
Difference:  11.42
Category:    formula discrepancy
Explanation: Computed ROCE (20.68%) vs source snapshot (32.1%). Source is a point-in-time snapshot, computed is for year 2018-03. 

--- Entry 435 ---
Company:     BPCL
Year:        2018-03
Metric:      ROE
Computed:    26.74
Source:      41.9
Difference:  15.16
Category:    version difference
Explanation: Computed ROE (26.74%) vs source snapshot (41.9%). Source is point-in-time, computed is for year 2018-03.

--- Entry 436 ---
Company:     BPCL
Year:        2017-03
Metric:      ROCE
Computed:    21.63
Source:      32.1
Difference:  10.47
Category:    formula discrepancy
Explanation: Computed ROCE (21.63%) vs source snapshot (32.1%). Source is a point-in-time snapshot, computed is for year 2017-03. 

--- Entry 437 ---
Company:     BPCL
Year:        2017-03
Metric:      ROE
Computed:    30.85
Source:      41.9
Difference:  11.05
Category:    version difference
Explanation: Computed ROE (30.85%) vs source snapshot (41.9%). Source is point-in-time, computed is for year 2017-03.

--- Entry 438 ---
Company:     BPCL
Year:        2016-03
Metric:      ROCE
Computed:    25.03
Source:      32.1
Difference:  7.07
Category:    formula discrepancy
Explanation: Computed ROCE (25.03%) vs source snapshot (32.1%). Source is a point-in-time snapshot, computed is for year 2016-03. 

--- Entry 439 ---
Company:     BPCL
Year:        2016-03
Metric:      ROE
Computed:    29.1
Source:      41.9
Difference:  12.8
Category:    version difference
Explanation: Computed ROE (29.10%) vs source snapshot (41.9%). Source is point-in-time, computed is for year 2016-03.

--- Entry 440 ---
Company:     BPCL
Year:        2015-03
Metric:      ROCE
Computed:    18.46
Source:      32.1
Difference:  13.64
Category:    formula discrepancy
Explanation: Computed ROCE (18.46%) vs source snapshot (32.1%). Source is a point-in-time snapshot, computed is for year 2015-03. 

--- Entry 441 ---
Company:     BPCL
Year:        2015-03
Metric:      ROE
Computed:    22.52
Source:      41.9
Difference:  19.38
Category:    version difference
Explanation: Computed ROE (22.52%) vs source snapshot (41.9%). Source is point-in-time, computed is for year 2015-03.

--- Entry 442 ---
Company:     BPCL
Year:        2014-03
Metric:      ROCE
Computed:    15.49
Source:      32.1
Difference:  16.61
Category:    formula discrepancy
Explanation: Computed ROCE (15.49%) vs source snapshot (32.1%). Source is a point-in-time snapshot, computed is for year 2014-03. 

--- Entry 443 ---
Company:     BPCL
Year:        2014-03
Metric:      ROE
Computed:    20.85
Source:      41.9
Difference:  21.05
Category:    version difference
Explanation: Computed ROE (20.85%) vs source snapshot (41.9%). Source is point-in-time, computed is for year 2014-03.

--- Entry 444 ---
Company:     BPCL
Year:        2013-03
Metric:      ROCE
Computed:    11.49
Source:      32.1
Difference:  20.61
Category:    formula discrepancy
Explanation: Computed ROCE (11.49%) vs source snapshot (32.1%). Source is a point-in-time snapshot, computed is for year 2013-03. 

--- Entry 445 ---
Company:     BPCL
Year:        2013-03
Metric:      ROE
Computed:    11.54
Source:      41.9
Difference:  30.36
Category:    version difference
Explanation: Computed ROE (11.54%) vs source snapshot (41.9%). Source is point-in-time, computed is for year 2013-03.

--- Entry 446 ---
Company:     BOSCHLTD
Year:        2024-03
Metric:      ROCE
Computed:    26.7
Source:      20.6
Difference:  6.1
Category:    formula discrepancy
Explanation: Computed ROCE (26.70%) vs source snapshot (20.6%). Source is a point-in-time snapshot, computed is for year 2024-03. 

--- Entry 447 ---
Company:     BOSCHLTD
Year:        2022-03
Metric:      ROCE
Computed:    14.21
Source:      20.6
Difference:  6.39
Category:    formula discrepancy
Explanation: Computed ROCE (14.21%) vs source snapshot (20.6%). Source is a point-in-time snapshot, computed is for year 2022-03. 

--- Entry 448 ---
Company:     BOSCHLTD
Year:        2021-03
Metric:      ROCE
Computed:    5.88
Source:      20.6
Difference:  14.72
Category:    formula discrepancy
Explanation: Computed ROCE (5.88%) vs source snapshot (20.6%). Source is a point-in-time snapshot, computed is for year 2021-03. 

--- Entry 449 ---
Company:     BOSCHLTD
Year:        2021-03
Metric:      ROE
Computed:    4.91
Source:      16.0
Difference:  11.09
Category:    version difference
Explanation: Computed ROE (4.91%) vs source snapshot (16.0%). Source is point-in-time, computed is for year 2021-03.

--- Entry 450 ---
Company:     BOSCHLTD
Year:        2020-03
Metric:      ROCE
Computed:    10.65
Source:      20.6
Difference:  9.95
Category:    formula discrepancy
Explanation: Computed ROCE (10.65%) vs source snapshot (20.6%). Source is a point-in-time snapshot, computed is for year 2020-03. 

--- Entry 451 ---
Company:     BOSCHLTD
Year:        2020-03
Metric:      ROE
Computed:    7.01
Source:      16.0
Difference:  8.99
Category:    version difference
Explanation: Computed ROE (7.01%) vs source snapshot (16.0%). Source is point-in-time, computed is for year 2020-03.

--- Entry 452 ---
Company:     BOSCHLTD
Year:        2019-03
Metric:      ROCE
Computed:    25.77
Source:      20.6
Difference:  5.17
Category:    formula discrepancy
Explanation: Computed ROCE (25.77%) vs source snapshot (20.6%). Source is a point-in-time snapshot, computed is for year 2019-03. 

--- Entry 453 ---
Company:     BOSCHLTD
Year:        2017-03
Metric:      ROCE
Computed:    27.48
Source:      20.6
Difference:  6.88
Category:    formula discrepancy
Explanation: Computed ROCE (27.48%) vs source snapshot (20.6%). Source is a point-in-time snapshot, computed is for year 2017-03. 

--- Entry 454 ---
Company:     BOSCHLTD
Year:        2015-03
Metric:      ROCE
Computed:    26.41
Source:      20.6
Difference:  5.81
Category:    formula discrepancy
Explanation: Computed ROCE (26.41%) vs source snapshot (20.6%). Source is a point-in-time snapshot, computed is for year 2015-03. 

--- Entry 455 ---
Company:     BRITANNIA
Year:        2020-03
Metric:      ROCE
Computed:    32.33
Source:      48.9
Difference:  16.57
Category:    formula discrepancy
Explanation: Computed ROCE (32.33%) vs source snapshot (48.9%). Source is a point-in-time snapshot, computed is for year 2020-03. 

--- Entry 456 ---
Company:     BRITANNIA
Year:        2020-03
Metric:      ROE
Computed:    31.66
Source:      57.1
Difference:  25.44
Category:    version difference
Explanation: Computed ROE (31.66%) vs source snapshot (57.1%). Source is point-in-time, computed is for year 2020-03.

--- Entry 457 ---
Company:     BRITANNIA
Year:        2019-03
Metric:      ROCE
Computed:    40.3
Source:      48.9
Difference:  8.6
Category:    formula discrepancy
Explanation: Computed ROCE (40.30%) vs source snapshot (48.9%). Source is a point-in-time snapshot, computed is for year 2019-03. 

--- Entry 458 ---
Company:     BRITANNIA
Year:        2019-03
Metric:      ROE
Computed:    27.16
Source:      57.1
Difference:  29.94
Category:    version difference
Explanation: Computed ROE (27.16%) vs source snapshot (57.1%). Source is point-in-time, computed is for year 2019-03.

--- Entry 459 ---
Company:     BRITANNIA
Year:        2018-03
Metric:      ROCE
Computed:    42.31
Source:      48.9
Difference:  6.59
Category:    formula discrepancy
Explanation: Computed ROCE (42.31%) vs source snapshot (48.9%). Source is a point-in-time snapshot, computed is for year 2018-03. 

--- Entry 460 ---
Company:     BRITANNIA
Year:        2018-03
Metric:      ROE
Computed:    29.48
Source:      57.1
Difference:  27.62
Category:    version difference
Explanation: Computed ROE (29.48%) vs source snapshot (57.1%). Source is point-in-time, computed is for year 2018-03.

--- Entry 461 ---
Company:     BRITANNIA
Year:        2017-03
Metric:      ROE
Computed:    32.83
Source:      57.1
Difference:  24.27
Category:    version difference
Explanation: Computed ROE (32.83%) vs source snapshot (57.1%). Source is point-in-time, computed is for year 2017-03.

--- Entry 462 ---
Company:     BRITANNIA
Year:        2016-03
Metric:      ROCE
Computed:    55.11
Source:      48.9
Difference:  6.21
Category:    formula discrepancy
Explanation: Computed ROCE (55.11%) vs source snapshot (48.9%). Source is a point-in-time snapshot, computed is for year 2016-03. 

--- Entry 463 ---
Company:     BRITANNIA
Year:        2016-03
Metric:      ROE
Computed:    39.44
Source:      57.1
Difference:  17.66
Category:    version difference
Explanation: Computed ROE (39.44%) vs source snapshot (57.1%). Source is point-in-time, computed is for year 2016-03.

--- Entry 464 ---
Company:     BRITANNIA
Year:        2015-03
Metric:      ROCE
Computed:    68.63
Source:      48.9
Difference:  19.73
Category:    formula discrepancy
Explanation: Computed ROCE (68.63%) vs source snapshot (48.9%). Source is a point-in-time snapshot, computed is for year 2015-03. 

--- Entry 465 ---
Company:     BRITANNIA
Year:        2014-03
Metric:      ROCE
Computed:    60.86
Source:      48.9
Difference:  11.96
Category:    formula discrepancy
Explanation: Computed ROCE (60.86%) vs source snapshot (48.9%). Source is a point-in-time snapshot, computed is for year 2014-03. 

--- Entry 466 ---
Company:     BRITANNIA
Year:        2014-03
Metric:      ROE
Computed:    49.5
Source:      57.1
Difference:  7.6
Category:    version difference
Explanation: Computed ROE (49.50%) vs source snapshot (57.1%). Source is point-in-time, computed is for year 2014-03.

--- Entry 467 ---
Company:     BRITANNIA
Year:        2013-03
Metric:      ROCE
Computed:    42.54
Source:      48.9
Difference:  6.36
Category:    formula discrepancy
Explanation: Computed ROCE (42.54%) vs source snapshot (48.9%). Source is a point-in-time snapshot, computed is for year 2013-03. 

--- Entry 468 ---
Company:     BRITANNIA
Year:        2013-03
Metric:      ROE
Computed:    46.59
Source:      57.1
Difference:  10.51
Category:    version difference
Explanation: Computed ROE (46.59%) vs source snapshot (57.1%). Source is point-in-time, computed is for year 2013-03.

--- Entry 469 ---
Company:     BPCL
Year:        2024-03
Metric:      ROE
Computed:    35.51
Source:      41.9
Difference:  6.39
Category:    version difference
Explanation: Computed ROE (35.51%) vs source snapshot (41.9%). Source is point-in-time, computed is for year 2024-03.

--- Entry 470 ---
Company:     BPCL
Year:        2023-03
Metric:      ROCE
Computed:    5.34
Source:      32.1
Difference:  26.76
Category:    formula discrepancy
Explanation: Computed ROCE (5.34%) vs source snapshot (32.1%). Source is a point-in-time snapshot, computed is for year 2023-03. 

--- Entry 471 ---
Company:     BPCL
Year:        2023-03
Metric:      ROE
Computed:    3.98
Source:      41.9
Difference:  37.92
Category:    version difference
Explanation: Computed ROE (3.98%) vs source snapshot (41.9%). Source is point-in-time, computed is for year 2023-03.

--- Entry 472 ---
Company:     BPCL
Year:        2022-03
Metric:      ROCE
Computed:    16.01
Source:      32.1
Difference:  16.09
Category:    formula discrepancy
Explanation: Computed ROCE (16.01%) vs source snapshot (32.1%). Source is a point-in-time snapshot, computed is for year 2022-03. 

--- Entry 473 ---
Company:     BPCL
Year:        2022-03
Metric:      ROE
Computed:    22.51
Source:      41.9
Difference:  19.39
Category:    version difference
Explanation: Computed ROE (22.51%) vs source snapshot (41.9%). Source is point-in-time, computed is for year 2022-03.

--- Entry 474 ---
Company:     BPCL
Year:        2021-03
Metric:      ROCE
Computed:    22.35
Source:      32.1
Difference:  9.75
Category:    formula discrepancy
Explanation: Computed ROCE (22.35%) vs source snapshot (32.1%). Source is a point-in-time snapshot, computed is for year 2021-03. 

--- Entry 475 ---
Company:     BPCL
Year:        2021-03
Metric:      ROE
Computed:    32.34
Source:      41.9
Difference:  9.56
Category:    version difference
Explanation: Computed ROE (32.34%) vs source snapshot (41.9%). Source is point-in-time, computed is for year 2021-03.

--- Entry 476 ---
Company:     BPCL
Year:        2020-03
Metric:      ROCE
Computed:    6.17
Source:      32.1
Difference:  25.93
Category:    formula discrepancy
Explanation: Computed ROCE (6.17%) vs source snapshot (32.1%). Source is a point-in-time snapshot, computed is for year 2020-03. 

--- Entry 477 ---
Company:     BPCL
Year:        2020-03
Metric:      ROE
Computed:    10.04
Source:      41.9
Difference:  31.86
Category:    version difference
Explanation: Computed ROE (10.04%) vs source snapshot (41.9%). Source is point-in-time, computed is for year 2020-03.

--- Entry 478 ---
Company:     BPCL
Year:        2019-03
Metric:      ROCE
Computed:    17.55
Source:      32.1
Difference:  14.55
Category:    formula discrepancy
Explanation: Computed ROCE (17.55%) vs source snapshot (32.1%). Source is a point-in-time snapshot, computed is for year 2019-03. 

--- Entry 479 ---
Company:     BPCL
Year:        2019-03
Metric:      ROE
Computed:    22.0
Source:      41.9
Difference:  19.9
Category:    version difference
Explanation: Computed ROE (22.00%) vs source snapshot (41.9%). Source is point-in-time, computed is for year 2019-03.

--- Entry 480 ---
Company:     CHOLAFIN
Year:        2014-03
Metric:      ROCE
Computed:    2.73
Source:      10.4
Difference:  7.67
Category:    version difference
Explanation: Computed ROCE (2.73%) vs source snapshot (10.4%). Source is a point-in-time snapshot, computed is for year 2014-03. Financials sector — structural differences expected.

--- Entry 481 ---
Company:     CHOLAFIN
Year:        2013-03
Metric:      ROCE
Computed:    2.63
Source:      10.4
Difference:  7.77
Category:    version difference
Explanation: Computed ROCE (2.63%) vs source snapshot (10.4%). Source is a point-in-time snapshot, computed is for year 2013-03. Financials sector — structural differences expected.

--- Entry 482 ---
Company:     CANBK
Year:        2022-03
Metric:      ROE
Computed:    8.8
Source:      17.9
Difference:  9.1
Category:    version difference
Explanation: Computed ROE (8.80%) vs source snapshot (17.9%). Source is point-in-time, computed is for year 2022-03.

--- Entry 483 ---
Company:     CANBK
Year:        2021-03
Metric:      ROE
Computed:    4.74
Source:      17.9
Difference:  13.16
Category:    version difference
Explanation: Computed ROE (4.74%) vs source snapshot (17.9%). Source is point-in-time, computed is for year 2021-03.

--- Entry 484 ---
Company:     CANBK
Year:        2020-03
Metric:      ROCE
Computed:    1.45
Source:      6.63
Difference:  5.18
Category:    version difference
Explanation: Computed ROCE (1.45%) vs source snapshot (6.63%). Source is a point-in-time snapshot, computed is for year 2020-03. Financials sector — structural differences expected.

--- Entry 485 ---
Company:     CANBK
Year:        2020-03
Metric:      ROE
Computed:    -4.66
Source:      17.9
Difference:  22.56
Category:    version difference
Explanation: Computed ROE (-4.66%) vs source snapshot (17.9%). Source is point-in-time, computed is for year 2020-03.

--- Entry 486 ---
Company:     CANBK
Year:        2019-03
Metric:      ROCE
Computed:    1.15
Source:      6.63
Difference:  5.48
Category:    version difference
Explanation: Computed ROCE (1.15%) vs source snapshot (6.63%). Source is a point-in-time snapshot, computed is for year 2019-03. Financials sector — structural differences expected.

--- Entry 487 ---
Company:     CANBK
Year:        2019-03
Metric:      ROE
Computed:    1.85
Source:      17.9
Difference:  16.05
Category:    version difference
Explanation: Computed ROE (1.85%) vs source snapshot (17.9%). Source is point-in-time, computed is for year 2019-03.

--- Entry 488 ---
Company:     CANBK
Year:        2018-03
Metric:      ROCE
Computed:    0.16
Source:      6.63
Difference:  6.47
Category:    version difference
Explanation: Computed ROCE (0.16%) vs source snapshot (6.63%). Source is a point-in-time snapshot, computed is for year 2018-03. Financials sector — structural differences expected.

--- Entry 489 ---
Company:     CANBK
Year:        2018-03
Metric:      ROE
Computed:    -10.5
Source:      17.9
Difference:  28.4
Category:    version difference
Explanation: Computed ROE (-10.50%) vs source snapshot (17.9%). Source is point-in-time, computed is for year 2018-03.

--- Entry 490 ---
Company:     CANBK
Year:        2017-03
Metric:      ROE
Computed:    4.07
Source:      17.9
Difference:  13.83
Category:    version difference
Explanation: Computed ROE (4.07%) vs source snapshot (17.9%). Source is point-in-time, computed is for year 2017-03.

--- Entry 491 ---
Company:     CANBK
Year:        2016-03
Metric:      ROCE
Computed:    0.44
Source:      6.63
Difference:  6.19
Category:    version difference
Explanation: Computed ROCE (0.44%) vs source snapshot (6.63%). Source is a point-in-time snapshot, computed is for year 2016-03. Financials sector — structural differences expected.

--- Entry 492 ---
Company:     CANBK
Year:        2016-03
Metric:      ROE
Computed:    -7.82
Source:      17.9
Difference:  25.72
Category:    version difference
Explanation: Computed ROE (-7.82%) vs source snapshot (17.9%). Source is point-in-time, computed is for year 2016-03.

--- Entry 493 ---
Company:     CANBK
Year:        2015-03
Metric:      ROCE
Computed:    1.58
Source:      6.63
Difference:  5.05
Category:    version difference
Explanation: Computed ROCE (1.58%) vs source snapshot (6.63%). Source is a point-in-time snapshot, computed is for year 2015-03. Financials sector — structural differences expected.

--- Entry 494 ---
Company:     CANBK
Year:        2015-03
Metric:      ROE
Computed:    9.02
Source:      17.9
Difference:  8.88
Category:    version difference
Explanation: Computed ROE (9.02%) vs source snapshot (17.9%). Source is point-in-time, computed is for year 2015-03.

--- Entry 495 ---
Company:     CANBK
Year:        2014-03
Metric:      ROCE
Computed:    1.54
Source:      6.63
Difference:  5.09
Category:    version difference
Explanation: Computed ROCE (1.54%) vs source snapshot (6.63%). Source is a point-in-time snapshot, computed is for year 2014-03. Financials sector — structural differences expected.

--- Entry 496 ---
Company:     CANBK
Year:        2014-03
Metric:      ROE
Computed:    8.85
Source:      17.9
Difference:  9.05
Category:    version difference
Explanation: Computed ROE (8.85%) vs source snapshot (17.9%). Source is point-in-time, computed is for year 2014-03.

--- Entry 497 ---
Company:     CANBK
Year:        2013-03
Metric:      ROE
Computed:    11.9
Source:      17.9
Difference:  6.0
Category:    version difference
Explanation: Computed ROE (11.90%) vs source snapshot (17.9%). Source is point-in-time, computed is for year 2013-03.

--- Entry 498 ---
Company:     BRITANNIA
Year:        2023-03
Metric:      ROE
Computed:    65.53
Source:      57.1
Difference:  8.43
Category:    version difference
Explanation: Computed ROE (65.53%) vs source snapshot (57.1%). Source is point-in-time, computed is for year 2023-03.

--- Entry 499 ---
Company:     CIPLA
Year:        2018-03
Metric:      ROCE
Computed:    10.63
Source:      22.8
Difference:  12.17
Category:    formula discrepancy
Explanation: Computed ROCE (10.63%) vs source snapshot (22.8%). Source is a point-in-time snapshot, computed is for year 2018-03. 

--- Entry 500 ---
Company:     CIPLA
Year:        2018-03
Metric:      ROE
Computed:    9.96
Source:      16.8
Difference:  6.84
Category:    version difference
Explanation: Computed ROE (9.96%) vs source snapshot (16.8%). Source is point-in-time, computed is for year 2018-03.

--- Entry 501 ---
Company:     CIPLA
Year:        2017-03
Metric:      ROCE
Computed:    8.58
Source:      22.8
Difference:  14.22
Category:    formula discrepancy
Explanation: Computed ROCE (8.58%) vs source snapshot (22.8%). Source is a point-in-time snapshot, computed is for year 2017-03. 

--- Entry 502 ---
Company:     CIPLA
Year:        2017-03
Metric:      ROE
Computed:    8.25
Source:      16.8
Difference:  8.55
Category:    version difference
Explanation: Computed ROE (8.25%) vs source snapshot (16.8%). Source is point-in-time, computed is for year 2017-03.

--- Entry 503 ---
Company:     CIPLA
Year:        2016-03
Metric:      ROCE
Computed:    11.57
Source:      22.8
Difference:  11.23
Category:    formula discrepancy
Explanation: Computed ROCE (11.57%) vs source snapshot (22.8%). Source is a point-in-time snapshot, computed is for year 2016-03. 

--- Entry 504 ---
Company:     CIPLA
Year:        2015-03
Metric:      ROCE
Computed:    14.54
Source:      22.8
Difference:  8.26
Category:    formula discrepancy
Explanation: Computed ROCE (14.54%) vs source snapshot (22.8%). Source is a point-in-time snapshot, computed is for year 2015-03. 

--- Entry 505 ---
Company:     CIPLA
Year:        2015-03
Metric:      ROE
Computed:    11.38
Source:      16.8
Difference:  5.42
Category:    version difference
Explanation: Computed ROE (11.38%) vs source snapshot (16.8%). Source is point-in-time, computed is for year 2015-03.

--- Entry 506 ---
Company:     CHOLAFIN
Year:        2024-03
Metric:      ROCE
Computed:    3.15
Source:      10.4
Difference:  7.25
Category:    version difference
Explanation: Computed ROCE (3.15%) vs source snapshot (10.4%). Source is a point-in-time snapshot, computed is for year 2024-03. Financials sector — structural differences expected.

--- Entry 507 ---
Company:     CHOLAFIN
Year:        2023-03
Metric:      ROCE
Computed:    3.43
Source:      10.4
Difference:  6.97
Category:    version difference
Explanation: Computed ROCE (3.43%) vs source snapshot (10.4%). Source is a point-in-time snapshot, computed is for year 2023-03. Financials sector — structural differences expected.

--- Entry 508 ---
Company:     CHOLAFIN
Year:        2022-03
Metric:      ROCE
Computed:    3.7
Source:      10.4
Difference:  6.7
Category:    version difference
Explanation: Computed ROCE (3.70%) vs source snapshot (10.4%). Source is a point-in-time snapshot, computed is for year 2022-03. Financials sector — structural differences expected.

--- Entry 509 ---
Company:     CHOLAFIN
Year:        2021-03
Metric:      ROCE
Computed:    2.87
Source:      10.4
Difference:  7.53
Category:    version difference
Explanation: Computed ROCE (2.87%) vs source snapshot (10.4%). Source is a point-in-time snapshot, computed is for year 2021-03. Financials sector — structural differences expected.

--- Entry 510 ---
Company:     CHOLAFIN
Year:        2020-03
Metric:      ROCE
Computed:    2.51
Source:      10.4
Difference:  7.89
Category:    version difference
Explanation: Computed ROCE (2.51%) vs source snapshot (10.4%). Source is a point-in-time snapshot, computed is for year 2020-03. Financials sector — structural differences expected.

--- Entry 511 ---
Company:     CHOLAFIN
Year:        2020-03
Metric:      ROE
Computed:    12.85
Source:      20.2
Difference:  7.35
Category:    version difference
Explanation: Computed ROE (12.85%) vs source snapshot (20.2%). Source is point-in-time, computed is for year 2020-03.

--- Entry 512 ---
Company:     CHOLAFIN
Year:        2019-03
Metric:      ROCE
Computed:    3.23
Source:      10.4
Difference:  7.17
Category:    version difference
Explanation: Computed ROCE (3.23%) vs source snapshot (10.4%). Source is a point-in-time snapshot, computed is for year 2019-03. Financials sector — structural differences expected.

--- Entry 513 ---
Company:     CHOLAFIN
Year:        2018-03
Metric:      ROCE
Computed:    3.22
Source:      10.4
Difference:  7.18
Category:    version difference
Explanation: Computed ROCE (3.22%) vs source snapshot (10.4%). Source is a point-in-time snapshot, computed is for year 2018-03. Financials sector — structural differences expected.

--- Entry 514 ---
Company:     CHOLAFIN
Year:        2017-03
Metric:      ROCE
Computed:    3.91
Source:      10.4
Difference:  6.49
Category:    version difference
Explanation: Computed ROCE (3.91%) vs source snapshot (10.4%). Source is a point-in-time snapshot, computed is for year 2017-03. Financials sector — structural differences expected.

--- Entry 515 ---
Company:     CHOLAFIN
Year:        2016-03
Metric:      ROCE
Computed:    3.36
Source:      10.4
Difference:  7.04
Category:    version difference
Explanation: Computed ROCE (3.36%) vs source snapshot (10.4%). Source is a point-in-time snapshot, computed is for year 2016-03. Financials sector — structural differences expected.

--- Entry 516 ---
Company:     CHOLAFIN
Year:        2015-03
Metric:      ROCE
Computed:    2.94
Source:      10.4
Difference:  7.46
Category:    version difference
Explanation: Computed ROCE (2.94%) vs source snapshot (10.4%). Source is a point-in-time snapshot, computed is for year 2015-03. Financials sector — structural differences expected.

--- Entry 517 ---
Company:     COALINDIA
Year:        2022-03
Metric:      ROE
Computed:    40.28
Source:      52.0
Difference:  11.72
Category:    version difference
Explanation: Computed ROE (40.28%) vs source snapshot (52.0%). Source is point-in-time, computed is for year 2022-03.

--- Entry 518 ---
Company:     COALINDIA
Year:        2021-03
Metric:      ROCE
Computed:    51.3
Source:      63.6
Difference:  12.3
Category:    formula discrepancy
Explanation: Computed ROCE (51.30%) vs source snapshot (63.6%). Source is a point-in-time snapshot, computed is for year 2021-03. 

--- Entry 519 ---
Company:     COALINDIA
Year:        2021-03
Metric:      ROE
Computed:    34.78
Source:      52.0
Difference:  17.22
Category:    version difference
Explanation: Computed ROE (34.78%) vs source snapshot (52.0%). Source is point-in-time, computed is for year 2021-03.

--- Entry 520 ---
Company:     COALINDIA
Year:        2020-03
Metric:      ROCE
Computed:    79.07
Source:      63.6
Difference:  15.47
Category:    formula discrepancy
Explanation: Computed ROCE (79.07%) vs source snapshot (63.6%). Source is a point-in-time snapshot, computed is for year 2020-03. 

--- Entry 521 ---
Company:     COALINDIA
Year:        2019-03
Metric:      ROCE
Computed:    114.99
Source:      63.6
Difference:  51.39
Category:    formula discrepancy
Explanation: Computed ROCE (114.99%) vs source snapshot (63.6%). Source is a point-in-time snapshot, computed is for year 2019-03. 

--- Entry 522 ---
Company:     COALINDIA
Year:        2019-03
Metric:      ROE
Computed:    66.01
Source:      52.0
Difference:  14.01
Category:    version difference
Explanation: Computed ROE (66.01%) vs source snapshot (52.0%). Source is point-in-time, computed is for year 2019-03.

--- Entry 523 ---
Company:     COALINDIA
Year:        2018-03
Metric:      ROCE
Computed:    72.5
Source:      63.6
Difference:  8.9
Category:    formula discrepancy
Explanation: Computed ROCE (72.50%) vs source snapshot (63.6%). Source is a point-in-time snapshot, computed is for year 2018-03. 

--- Entry 524 ---
Company:     COALINDIA
Year:        2018-03
Metric:      ROE
Computed:    34.88
Source:      52.0
Difference:  17.12
Category:    version difference
Explanation: Computed ROE (34.88%) vs source snapshot (52.0%). Source is point-in-time, computed is for year 2018-03.

--- Entry 525 ---
Company:     COALINDIA
Year:        2017-03
Metric:      ROCE
Computed:    71.78
Source:      63.6
Difference:  8.18
Category:    formula discrepancy
Explanation: Computed ROCE (71.78%) vs source snapshot (63.6%). Source is a point-in-time snapshot, computed is for year 2017-03. 

--- Entry 526 ---
Company:     COALINDIA
Year:        2017-03
Metric:      ROE
Computed:    37.85
Source:      52.0
Difference:  14.15
Category:    version difference
Explanation: Computed ROE (37.85%) vs source snapshot (52.0%). Source is point-in-time, computed is for year 2017-03.

--- Entry 527 ---
Company:     COALINDIA
Year:        2016-03
Metric:      ROCE
Computed:    75.99
Source:      63.6
Difference:  12.39
Category:    formula discrepancy
Explanation: Computed ROCE (75.99%) vs source snapshot (63.6%). Source is a point-in-time snapshot, computed is for year 2016-03. 

--- Entry 528 ---
Company:     COALINDIA
Year:        2016-03
Metric:      ROE
Computed:    40.96
Source:      52.0
Difference:  11.04
Category:    version difference
Explanation: Computed ROE (40.96%) vs source snapshot (52.0%). Source is point-in-time, computed is for year 2016-03.

--- Entry 529 ---
Company:     COALINDIA
Year:        2015-03
Metric:      ROCE
Computed:    69.07
Source:      63.6
Difference:  5.47
Category:    formula discrepancy
Explanation: Computed ROCE (69.07%) vs source snapshot (63.6%). Source is a point-in-time snapshot, computed is for year 2015-03. 

--- Entry 530 ---
Company:     COALINDIA
Year:        2015-03
Metric:      ROE
Computed:    34.02
Source:      52.0
Difference:  17.98
Category:    version difference
Explanation: Computed ROE (34.02%) vs source snapshot (52.0%). Source is point-in-time, computed is for year 2015-03.

--- Entry 531 ---
Company:     COALINDIA
Year:        2014-03
Metric:      ROCE
Computed:    70.57
Source:      63.6
Difference:  6.97
Category:    formula discrepancy
Explanation: Computed ROCE (70.57%) vs source snapshot (63.6%). Source is a point-in-time snapshot, computed is for year 2014-03. 

--- Entry 532 ---
Company:     COALINDIA
Year:        2014-03
Metric:      ROE
Computed:    35.64
Source:      52.0
Difference:  16.36
Category:    version difference
Explanation: Computed ROE (35.64%) vs source snapshot (52.0%). Source is point-in-time, computed is for year 2014-03.

--- Entry 533 ---
Company:     COALINDIA
Year:        2013-03
Metric:      ROE
Computed:    35.81
Source:      52.0
Difference:  16.19
Category:    version difference
Explanation: Computed ROE (35.81%) vs source snapshot (52.0%). Source is point-in-time, computed is for year 2013-03.

--- Entry 534 ---
Company:     CIPLA
Year:        2022-03
Metric:      ROCE
Computed:    16.4
Source:      22.8
Difference:  6.4
Category:    formula discrepancy
Explanation: Computed ROCE (16.40%) vs source snapshot (22.8%). Source is a point-in-time snapshot, computed is for year 2022-03. 

--- Entry 535 ---
Company:     CIPLA
Year:        2021-03
Metric:      ROCE
Computed:    17.48
Source:      22.8
Difference:  5.32
Category:    formula discrepancy
Explanation: Computed ROCE (17.48%) vs source snapshot (22.8%). Source is a point-in-time snapshot, computed is for year 2021-03. 

--- Entry 536 ---
Company:     CIPLA
Year:        2020-03
Metric:      ROCE
Computed:    13.57
Source:      22.8
Difference:  9.23
Category:    formula discrepancy
Explanation: Computed ROCE (13.57%) vs source snapshot (22.8%). Source is a point-in-time snapshot, computed is for year 2020-03. 

--- Entry 537 ---
Company:     CIPLA
Year:        2020-03
Metric:      ROE
Computed:    9.52
Source:      16.8
Difference:  7.28
Category:    version difference
Explanation: Computed ROE (9.52%) vs source snapshot (16.8%). Source is point-in-time, computed is for year 2020-03.

--- Entry 538 ---
Company:     CIPLA
Year:        2019-03
Metric:      ROCE
Computed:    13.22
Source:      22.8
Difference:  9.58
Category:    formula discrepancy
Explanation: Computed ROCE (13.22%) vs source snapshot (22.8%). Source is a point-in-time snapshot, computed is for year 2019-03. 

--- Entry 539 ---
Company:     CIPLA
Year:        2019-03
Metric:      ROE
Computed:    9.94
Source:      16.8
Difference:  6.86
Category:    version difference
Explanation: Computed ROE (9.94%) vs source snapshot (16.8%). Source is point-in-time, computed is for year 2019-03.

--- Entry 540 ---
Company:     DIVISLAB
Year:        2014-03
Metric:      ROCE
Computed:    33.33
Source:      16.5
Difference:  16.83
Category:    formula discrepancy
Explanation: Computed ROCE (33.33%) vs source snapshot (16.5%). Source is a point-in-time snapshot, computed is for year 2014-03. 

--- Entry 541 ---
Company:     DIVISLAB
Year:        2014-03
Metric:      ROE
Computed:    26.08
Source:      12.2
Difference:  13.88
Category:    version difference
Explanation: Computed ROE (26.08%) vs source snapshot (12.2%). Source is point-in-time, computed is for year 2014-03.

--- Entry 542 ---
Company:     DIVISLAB
Year:        2013-03
Metric:      ROCE
Computed:    30.94
Source:      16.5
Difference:  14.44
Category:    formula discrepancy
Explanation: Computed ROCE (30.94%) vs source snapshot (16.5%). Source is a point-in-time snapshot, computed is for year 2013-03. 

--- Entry 543 ---
Company:     DIVISLAB
Year:        2013-03
Metric:      ROE
Computed:    24.07
Source:      12.2
Difference:  11.87
Category:    version difference
Explanation: Computed ROE (24.07%) vs source snapshot (12.2%). Source is point-in-time, computed is for year 2013-03.

--- Entry 544 ---
Company:     DABUR
Year:        2019-03
Metric:      ROCE
Computed:    28.19
Source:      22.3
Difference:  5.89
Category:    formula discrepancy
Explanation: Computed ROCE (28.19%) vs source snapshot (22.3%). Source is a point-in-time snapshot, computed is for year 2019-03. 

--- Entry 545 ---
Company:     DABUR
Year:        2019-03
Metric:      ROE
Computed:    25.67
Source:      19.2
Difference:  6.47
Category:    version difference
Explanation: Computed ROE (25.67%) vs source snapshot (19.2%). Source is point-in-time, computed is for year 2019-03.

--- Entry 546 ---
Company:     DABUR
Year:        2017-03
Metric:      ROCE
Computed:    28.6
Source:      22.3
Difference:  6.3
Category:    formula discrepancy
Explanation: Computed ROCE (28.60%) vs source snapshot (22.3%). Source is a point-in-time snapshot, computed is for year 2017-03. 

--- Entry 547 ---
Company:     DABUR
Year:        2017-03
Metric:      ROE
Computed:    26.41
Source:      19.2
Difference:  7.21
Category:    version difference
Explanation: Computed ROE (26.41%) vs source snapshot (19.2%). Source is point-in-time, computed is for year 2017-03.

--- Entry 548 ---
Company:     DABUR
Year:        2016-03
Metric:      ROCE
Computed:    32.19
Source:      22.3
Difference:  9.89
Category:    formula discrepancy
Explanation: Computed ROCE (32.19%) vs source snapshot (22.3%). Source is a point-in-time snapshot, computed is for year 2016-03. 

--- Entry 549 ---
Company:     DABUR
Year:        2016-03
Metric:      ROE
Computed:    30.06
Source:      19.2
Difference:  10.86
Category:    version difference
Explanation: Computed ROE (30.06%) vs source snapshot (19.2%). Source is point-in-time, computed is for year 2016-03.

--- Entry 550 ---
Company:     DABUR
Year:        2015-03
Metric:      ROCE
Computed:    33.24
Source:      22.3
Difference:  10.94
Category:    formula discrepancy
Explanation: Computed ROCE (33.24%) vs source snapshot (22.3%). Source is a point-in-time snapshot, computed is for year 2015-03. 

--- Entry 551 ---
Company:     DABUR
Year:        2015-03
Metric:      ROE
Computed:    31.84
Source:      19.2
Difference:  12.64
Category:    version difference
Explanation: Computed ROE (31.84%) vs source snapshot (19.2%). Source is point-in-time, computed is for year 2015-03.

--- Entry 552 ---
Company:     DABUR
Year:        2014-03
Metric:      ROCE
Computed:    35.37
Source:      22.3
Difference:  13.07
Category:    formula discrepancy
Explanation: Computed ROCE (35.37%) vs source snapshot (22.3%). Source is a point-in-time snapshot, computed is for year 2014-03. 

--- Entry 553 ---
Company:     DABUR
Year:        2014-03
Metric:      ROE
Computed:    34.49
Source:      19.2
Difference:  15.29
Category:    version difference
Explanation: Computed ROE (34.49%) vs source snapshot (19.2%). Source is point-in-time, computed is for year 2014-03.

--- Entry 554 ---
Company:     DABUR
Year:        2013-03
Metric:      ROCE
Computed:    31.02
Source:      22.3
Difference:  8.72
Category:    formula discrepancy
Explanation: Computed ROCE (31.02%) vs source snapshot (22.3%). Source is a point-in-time snapshot, computed is for year 2013-03. 

--- Entry 555 ---
Company:     DABUR
Year:        2013-03
Metric:      ROE
Computed:    36.56
Source:      19.2
Difference:  17.36
Category:    version difference
Explanation: Computed ROE (36.56%) vs source snapshot (19.2%). Source is point-in-time, computed is for year 2013-03.

--- Entry 556 ---
Company:     COALINDIA
Year:        2024-03
Metric:      ROE
Computed:    45.17
Source:      52.0
Difference:  6.83
Category:    version difference
Explanation: Computed ROE (45.17%) vs source snapshot (52.0%). Source is point-in-time, computed is for year 2024-03.

--- Entry 557 ---
Company:     COALINDIA
Year:        2023-03
Metric:      ROCE
Computed:    76.46
Source:      63.6
Difference:  12.86
Category:    formula discrepancy
Explanation: Computed ROCE (76.46%) vs source snapshot (63.6%). Source is a point-in-time snapshot, computed is for year 2023-03. 

--- Entry 558 ---
Company:     DLF
Year:        2018-03
Metric:      ROCE
Computed:    21.9
Source:      5.74
Difference:  16.16
Category:    formula discrepancy
Explanation: Computed ROCE (21.90%) vs source snapshot (5.74%). Source is a point-in-time snapshot, computed is for year 2018-03. 

--- Entry 559 ---
Company:     DLF
Year:        2018-03
Metric:      ROE
Computed:    12.68
Source:      6.95
Difference:  5.73
Category:    version difference
Explanation: Computed ROE (12.68%) vs source snapshot (6.95%). Source is point-in-time, computed is for year 2018-03.

--- Entry 560 ---
Company:     DLF
Year:        2016-03
Metric:      ROE
Computed:    1.27
Source:      6.95
Difference:  5.68
Category:    version difference
Explanation: Computed ROE (1.27%) vs source snapshot (6.95%). Source is point-in-time, computed is for year 2016-03.

--- Entry 561 ---
Company:     DLF
Year:        2015-03
Metric:      ROE
Computed:    1.85
Source:      6.95
Difference:  5.1
Category:    version difference
Explanation: Computed ROE (1.85%) vs source snapshot (6.95%). Source is point-in-time, computed is for year 2015-03.

--- Entry 562 ---
Company:     DIVISLAB
Year:        2022-03
Metric:      ROCE
Computed:    31.42
Source:      16.5
Difference:  14.92
Category:    formula discrepancy
Explanation: Computed ROCE (31.42%) vs source snapshot (16.5%). Source is a point-in-time snapshot, computed is for year 2022-03. 

--- Entry 563 ---
Company:     DIVISLAB
Year:        2022-03
Metric:      ROE
Computed:    25.24
Source:      12.2
Difference:  13.04
Category:    version difference
Explanation: Computed ROE (25.24%) vs source snapshot (12.2%). Source is point-in-time, computed is for year 2022-03.

--- Entry 564 ---
Company:     DIVISLAB
Year:        2021-03
Metric:      ROCE
Computed:    28.69
Source:      16.5
Difference:  12.19
Category:    formula discrepancy
Explanation: Computed ROCE (28.69%) vs source snapshot (16.5%). Source is a point-in-time snapshot, computed is for year 2021-03. 

--- Entry 565 ---
Company:     DIVISLAB
Year:        2021-03
Metric:      ROE
Computed:    21.34
Source:      12.2
Difference:  9.14
Category:    version difference
Explanation: Computed ROE (21.34%) vs source snapshot (12.2%). Source is point-in-time, computed is for year 2021-03.

--- Entry 566 ---
Company:     DIVISLAB
Year:        2020-03
Metric:      ROCE
Computed:    24.85
Source:      16.5
Difference:  8.35
Category:    formula discrepancy
Explanation: Computed ROCE (24.85%) vs source snapshot (16.5%). Source is a point-in-time snapshot, computed is for year 2020-03. 

--- Entry 567 ---
Company:     DIVISLAB
Year:        2020-03
Metric:      ROE
Computed:    18.84
Source:      12.2
Difference:  6.64
Category:    version difference
Explanation: Computed ROE (18.84%) vs source snapshot (12.2%). Source is point-in-time, computed is for year 2020-03.

--- Entry 568 ---
Company:     DIVISLAB
Year:        2019-03
Metric:      ROCE
Computed:    26.33
Source:      16.5
Difference:  9.83
Category:    formula discrepancy
Explanation: Computed ROCE (26.33%) vs source snapshot (16.5%). Source is a point-in-time snapshot, computed is for year 2019-03. 

--- Entry 569 ---
Company:     DIVISLAB
Year:        2019-03
Metric:      ROE
Computed:    19.45
Source:      12.2
Difference:  7.25
Category:    version difference
Explanation: Computed ROE (19.45%) vs source snapshot (12.2%). Source is point-in-time, computed is for year 2019-03.

--- Entry 570 ---
Company:     DIVISLAB
Year:        2017-03
Metric:      ROCE
Computed:    25.92
Source:      16.5
Difference:  9.42
Category:    formula discrepancy
Explanation: Computed ROCE (25.92%) vs source snapshot (16.5%). Source is a point-in-time snapshot, computed is for year 2017-03. 

--- Entry 571 ---
Company:     DIVISLAB
Year:        2017-03
Metric:      ROE
Computed:    19.79
Source:      12.2
Difference:  7.59
Category:    version difference
Explanation: Computed ROE (19.79%) vs source snapshot (12.2%). Source is point-in-time, computed is for year 2017-03.

--- Entry 572 ---
Company:     DIVISLAB
Year:        2016-03
Metric:      ROCE
Computed:    32.25
Source:      16.5
Difference:  15.75
Category:    formula discrepancy
Explanation: Computed ROCE (32.25%) vs source snapshot (16.5%). Source is a point-in-time snapshot, computed is for year 2016-03. 

--- Entry 573 ---
Company:     DIVISLAB
Year:        2016-03
Metric:      ROE
Computed:    26.23
Source:      12.2
Difference:  14.03
Category:    version difference
Explanation: Computed ROE (26.23%) vs source snapshot (12.2%). Source is point-in-time, computed is for year 2016-03.

--- Entry 574 ---
Company:     DIVISLAB
Year:        2015-03
Metric:      ROCE
Computed:    30.51
Source:      16.5
Difference:  14.01
Category:    formula discrepancy
Explanation: Computed ROCE (30.51%) vs source snapshot (16.5%). Source is a point-in-time snapshot, computed is for year 2015-03. 

--- Entry 575 ---
Company:     DIVISLAB
Year:        2015-03
Metric:      ROE
Computed:    24.37
Source:      12.2
Difference:  12.17
Category:    version difference
Explanation: Computed ROE (24.37%) vs source snapshot (12.2%). Source is point-in-time, computed is for year 2015-03.

--- Entry 576 ---
Company:     DMART
Year:        2021-03
Metric:      ROCE
Computed:    12.13
Source:      19.4
Difference:  7.27
Category:    formula discrepancy
Explanation: Computed ROCE (12.13%) vs source snapshot (19.4%). Source is a point-in-time snapshot, computed is for year 2021-03. 

--- Entry 577 ---
Company:     DMART
Year:        2021-03
Metric:      ROE
Computed:    9.02
Source:      14.5
Difference:  5.48
Category:    version difference
Explanation: Computed ROE (9.02%) vs source snapshot (14.5%). Source is point-in-time, computed is for year 2021-03.

--- Entry 578 ---
Company:     DMART
Year:        2018-03
Metric:      ROCE
Computed:    25.1
Source:      19.4
Difference:  5.7
Category:    formula discrepancy
Explanation: Computed ROCE (25.10%) vs source snapshot (19.4%). Source is a point-in-time snapshot, computed is for year 2018-03. 

--- Entry 579 ---
Company:     DMART
Year:        2016-03
Metric:      ROE
Computed:    21.04
Source:      14.5
Difference:  6.54
Category:    version difference
Explanation: Computed ROE (21.04%) vs source snapshot (14.5%). Source is point-in-time, computed is for year 2016-03.

--- Entry 580 ---
Company:     DMART
Year:        2013-03
Metric:      ROCE
Computed:    13.99
Source:      19.4
Difference:  5.41
Category:    formula discrepancy
Explanation: Computed ROCE (13.99%) vs source snapshot (19.4%). Source is a point-in-time snapshot, computed is for year 2013-03. 

--- Entry 581 ---
Company:     DLF
Year:        2020-03
Metric:      ROE
Computed:    -1.71
Source:      6.95
Difference:  8.66
Category:    version difference
Explanation: Computed ROE (-1.71%) vs source snapshot (6.95%). Source is point-in-time, computed is for year 2020-03.

--- Entry 582 ---
Company:     DRREDDY
Year:        2022-03
Metric:      ROCE
Computed:    13.97
Source:      26.5
Difference:  12.53
Category:    formula discrepancy
Explanation: Computed ROCE (13.97%) vs source snapshot (26.5%). Source is a point-in-time snapshot, computed is for year 2022-03. 

--- Entry 583 ---
Company:     DRREDDY
Year:        2022-03
Metric:      ROE
Computed:    11.36
Source:      21.4
Difference:  10.04
Category:    version difference
Explanation: Computed ROE (11.36%) vs source snapshot (21.4%). Source is point-in-time, computed is for year 2022-03.

--- Entry 584 ---
Company:     DRREDDY
Year:        2021-03
Metric:      ROCE
Computed:    14.42
Source:      26.5
Difference:  12.08
Category:    formula discrepancy
Explanation: Computed ROCE (14.42%) vs source snapshot (26.5%). Source is a point-in-time snapshot, computed is for year 2021-03. 

--- Entry 585 ---
Company:     DRREDDY
Year:        2021-03
Metric:      ROE
Computed:    11.07
Source:      21.4
Difference:  10.33
Category:    version difference
Explanation: Computed ROE (11.07%) vs source snapshot (21.4%). Source is point-in-time, computed is for year 2021-03.

--- Entry 586 ---
Company:     DRREDDY
Year:        2020-03
Metric:      ROCE
Computed:    11.14
Source:      26.5
Difference:  15.36
Category:    formula discrepancy
Explanation: Computed ROCE (11.14%) vs source snapshot (26.5%). Source is a point-in-time snapshot, computed is for year 2020-03. 

--- Entry 587 ---
Company:     DRREDDY
Year:        2020-03
Metric:      ROE
Computed:    12.99
Source:      21.4
Difference:  8.41
Category:    version difference
Explanation: Computed ROE (12.99%) vs source snapshot (21.4%). Source is point-in-time, computed is for year 2020-03.

--- Entry 588 ---
Company:     DRREDDY
Year:        2019-03
Metric:      ROCE
Computed:    13.58
Source:      26.5
Difference:  12.92
Category:    formula discrepancy
Explanation: Computed ROCE (13.58%) vs source snapshot (26.5%). Source is a point-in-time snapshot, computed is for year 2019-03. 

--- Entry 589 ---
Company:     DRREDDY
Year:        2019-03
Metric:      ROE
Computed:    13.9
Source:      21.4
Difference:  7.5
Category:    version difference
Explanation: Computed ROE (13.90%) vs source snapshot (21.4%). Source is point-in-time, computed is for year 2019-03.

--- Entry 590 ---
Company:     DRREDDY
Year:        2018-03
Metric:      ROCE
Computed:    8.1
Source:      26.5
Difference:  18.4
Category:    formula discrepancy
Explanation: Computed ROCE (8.10%) vs source snapshot (26.5%). Source is a point-in-time snapshot, computed is for year 2018-03. 

--- Entry 591 ---
Company:     DRREDDY
Year:        2018-03
Metric:      ROE
Computed:    7.53
Source:      21.4
Difference:  13.87
Category:    version difference
Explanation: Computed ROE (7.53%) vs source snapshot (21.4%). Source is point-in-time, computed is for year 2018-03.

--- Entry 592 ---
Company:     DRREDDY
Year:        2017-03
Metric:      ROCE
Computed:    9.51
Source:      26.5
Difference:  16.99
Category:    formula discrepancy
Explanation: Computed ROCE (9.51%) vs source snapshot (26.5%). Source is a point-in-time snapshot, computed is for year 2017-03. 

--- Entry 593 ---
Company:     DRREDDY
Year:        2017-03
Metric:      ROE
Computed:    10.54
Source:      21.4
Difference:  10.86
Category:    version difference
Explanation: Computed ROE (10.54%) vs source snapshot (21.4%). Source is point-in-time, computed is for year 2017-03.

--- Entry 594 ---
Company:     DRREDDY
Year:        2016-03
Metric:      ROCE
Computed:    18.48
Source:      26.5
Difference:  8.02
Category:    formula discrepancy
Explanation: Computed ROCE (18.48%) vs source snapshot (26.5%). Source is a point-in-time snapshot, computed is for year 2016-03. 

--- Entry 595 ---
Company:     DRREDDY
Year:        2015-03
Metric:      ROCE
Computed:    21.23
Source:      26.5
Difference:  5.27
Category:    formula discrepancy
Explanation: Computed ROCE (21.23%) vs source snapshot (26.5%). Source is a point-in-time snapshot, computed is for year 2015-03. 

--- Entry 596 ---
Company:     GAIL
Year:        2017-03
Metric:      ROE
Computed:    8.58
Source:      14.0
Difference:  5.42
Category:    version difference
Explanation: Computed ROE (8.58%) vs source snapshot (14.0%). Source is point-in-time, computed is for year 2017-03.

--- Entry 597 ---
Company:     GAIL
Year:        2016-03
Metric:      ROCE
Computed:    8.3
Source:      14.7
Difference:  6.4
Category:    formula discrepancy
Explanation: Computed ROCE (8.30%) vs source snapshot (14.7%). Source is a point-in-time snapshot, computed is for year 2016-03. 

--- Entry 598 ---
Company:     GAIL
Year:        2016-03
Metric:      ROE
Computed:    5.15
Source:      14.0
Difference:  8.85
Category:    version difference
Explanation: Computed ROE (5.15%) vs source snapshot (14.0%). Source is point-in-time, computed is for year 2016-03.

--- Entry 599 ---
Company:     EICHERMOT
Year:        2023-03
Metric:      ROCE
Computed:    25.06
Source:      31.1
Difference:  6.04
Category:    formula discrepancy
Explanation: Computed ROCE (25.06%) vs source snapshot (31.1%). Source is a point-in-time snapshot, computed is for year 2023-03. 

--- Entry 600 ---
Company:     EICHERMOT
Year:        2022-03
Metric:      ROCE
Computed:    17.47
Source:      31.1
Difference:  13.63
Category:    formula discrepancy
Explanation: Computed ROCE (17.47%) vs source snapshot (31.1%). Source is a point-in-time snapshot, computed is for year 2022-03. 

--- Entry 601 ---
Company:     EICHERMOT
Year:        2022-03
Metric:      ROE
Computed:    13.3
Source:      24.2
Difference:  10.9
Category:    version difference
Explanation: Computed ROE (13.30%) vs source snapshot (24.2%). Source is point-in-time, computed is for year 2022-03.

--- Entry 602 ---
Company:     EICHERMOT
Year:        2021-03
Metric:      ROCE
Computed:    19.04
Source:      31.1
Difference:  12.06
Category:    formula discrepancy
Explanation: Computed ROCE (19.04%) vs source snapshot (31.1%). Source is a point-in-time snapshot, computed is for year 2021-03. 

--- Entry 603 ---
Company:     EICHERMOT
Year:        2021-03
Metric:      ROE
Computed:    11.78
Source:      24.2
Difference:  12.42
Category:    version difference
Explanation: Computed ROE (11.78%) vs source snapshot (24.2%). Source is point-in-time, computed is for year 2021-03.

--- Entry 604 ---
Company:     EICHERMOT
Year:        2020-03
Metric:      ROCE
Computed:    23.21
Source:      31.1
Difference:  7.89
Category:    formula discrepancy
Explanation: Computed ROCE (23.21%) vs source snapshot (31.1%). Source is a point-in-time snapshot, computed is for year 2020-03. 

--- Entry 605 ---
Company:     EICHERMOT
Year:        2020-03
Metric:      ROE
Computed:    18.3
Source:      24.2
Difference:  5.9
Category:    version difference
Explanation: Computed ROE (18.30%) vs source snapshot (24.2%). Source is point-in-time, computed is for year 2020-03.

--- Entry 606 ---
Company:     EICHERMOT
Year:        2019-03
Metric:      ROCE
Computed:    36.29
Source:      31.1
Difference:  5.19
Category:    formula discrepancy
Explanation: Computed ROCE (36.29%) vs source snapshot (31.1%). Source is a point-in-time snapshot, computed is for year 2019-03. 

--- Entry 607 ---
Company:     EICHERMOT
Year:        2018-03
Metric:      ROCE
Computed:    43.46
Source:      31.1
Difference:  12.36
Category:    formula discrepancy
Explanation: Computed ROCE (43.46%) vs source snapshot (31.1%). Source is a point-in-time snapshot, computed is for year 2018-03. 

--- Entry 608 ---
Company:     EICHERMOT
Year:        2017-03
Metric:      ROCE
Computed:    44.66
Source:      31.1
Difference:  13.56
Category:    formula discrepancy
Explanation: Computed ROCE (44.66%) vs source snapshot (31.1%). Source is a point-in-time snapshot, computed is for year 2017-03. 

--- Entry 609 ---
Company:     EICHERMOT
Year:        2017-03
Metric:      ROE
Computed:    31.19
Source:      24.2
Difference:  6.99
Category:    version difference
Explanation: Computed ROE (31.19%) vs source snapshot (24.2%). Source is point-in-time, computed is for year 2017-03.

--- Entry 610 ---
Company:     EICHERMOT
Year:        2016-03
Metric:      ROCE
Computed:    51.12
Source:      31.1
Difference:  20.02
Category:    formula discrepancy
Explanation: Computed ROCE (51.12%) vs source snapshot (31.1%). Source is a point-in-time snapshot, computed is for year 2016-03. 

--- Entry 611 ---
Company:     EICHERMOT
Year:        2016-03
Metric:      ROE
Computed:    36.63
Source:      24.2
Difference:  12.43
Category:    version difference
Explanation: Computed ROE (36.63%) vs source snapshot (24.2%). Source is point-in-time, computed is for year 2016-03.

--- Entry 612 ---
Company:     EICHERMOT
Year:        2014-12
Metric:      ROCE
Computed:    38.97
Source:      31.1
Difference:  7.87
Category:    formula discrepancy
Explanation: Computed ROCE (38.97%) vs source snapshot (31.1%). Source is a point-in-time snapshot, computed is for year 2014-12. 

--- Entry 613 ---
Company:     GODREJCP
Year:        2022-03
Metric:      ROCE
Computed:    17.17
Source:      26.49
Difference:  9.32
Category:    formula discrepancy
Explanation: Computed ROCE (17.17%) vs source snapshot (26.49%). Source is a point-in-time snapshot, computed is for year 2022-03. 

--- Entry 614 ---
Company:     GODREJCP
Year:        2022-03
Metric:      ROE
Computed:    15.43
Source:      6.77
Difference:  8.66
Category:    version difference
Explanation: Computed ROE (15.43%) vs source snapshot (6.77%). Source is point-in-time, computed is for year 2022-03.

--- Entry 615 ---
Company:     GODREJCP
Year:        2021-03
Metric:      ROCE
Computed:    19.62
Source:      26.49
Difference:  6.87
Category:    formula discrepancy
Explanation: Computed ROCE (19.62%) vs source snapshot (26.49%). Source is a point-in-time snapshot, computed is for year 2021-03. 

--- Entry 616 ---
Company:     GODREJCP
Year:        2021-03
Metric:      ROE
Computed:    18.23
Source:      6.77
Difference:  11.46
Category:    version difference
Explanation: Computed ROE (18.23%) vs source snapshot (6.77%). Source is point-in-time, computed is for year 2021-03.

--- Entry 617 ---
Company:     GODREJCP
Year:        2020-03
Metric:      ROCE
Computed:    17.33
Source:      26.49
Difference:  9.16
Category:    formula discrepancy
Explanation: Computed ROCE (17.33%) vs source snapshot (26.49%). Source is a point-in-time snapshot, computed is for year 2020-03. 

--- Entry 618 ---
Company:     GODREJCP
Year:        2020-03
Metric:      ROE
Computed:    18.95
Source:      6.77
Difference:  12.18
Category:    version difference
Explanation: Computed ROE (18.95%) vs source snapshot (6.77%). Source is point-in-time, computed is for year 2020-03.

--- Entry 619 ---
Company:     GODREJCP
Year:        2019-03
Metric:      ROE
Computed:    32.23
Source:      6.77
Difference:  25.46
Category:    version difference
Explanation: Computed ROE (32.23%) vs source snapshot (6.77%). Source is point-in-time, computed is for year 2019-03.

--- Entry 620 ---
Company:     GODREJCP
Year:        2018-03
Metric:      ROE
Computed:    26.11
Source:      6.77
Difference:  19.34
Category:    version difference
Explanation: Computed ROE (26.11%) vs source snapshot (6.77%). Source is point-in-time, computed is for year 2018-03.

--- Entry 621 ---
Company:     GODREJCP
Year:        2017-03
Metric:      ROCE
Computed:    19.79
Source:      26.49
Difference:  6.7
Category:    formula discrepancy
Explanation: Computed ROCE (19.79%) vs source snapshot (26.49%). Source is a point-in-time snapshot, computed is for year 2017-03. 

--- Entry 622 ---
Company:     GODREJCP
Year:        2017-03
Metric:      ROE
Computed:    24.67
Source:      6.77
Difference:  17.9
Category:    version difference
Explanation: Computed ROE (24.67%) vs source snapshot (6.77%). Source is point-in-time, computed is for year 2017-03.

--- Entry 623 ---
Company:     GODREJCP
Year:        2016-03
Metric:      ROCE
Computed:    18.09
Source:      26.49
Difference:  8.4
Category:    formula discrepancy
Explanation: Computed ROCE (18.09%) vs source snapshot (26.49%). Source is a point-in-time snapshot, computed is for year 2016-03. 

--- Entry 624 ---
Company:     GODREJCP
Year:        2016-03
Metric:      ROE
Computed:    19.48
Source:      6.77
Difference:  12.71
Category:    version difference
Explanation: Computed ROE (19.48%) vs source snapshot (6.77%). Source is point-in-time, computed is for year 2016-03.

--- Entry 625 ---
Company:     GODREJCP
Year:        2015-03
Metric:      ROCE
Computed:    19.37
Source:      26.49
Difference:  7.12
Category:    formula discrepancy
Explanation: Computed ROCE (19.37%) vs source snapshot (26.49%). Source is a point-in-time snapshot, computed is for year 2015-03. 

--- Entry 626 ---
Company:     GODREJCP
Year:        2015-03
Metric:      ROE
Computed:    22.64
Source:      6.77
Difference:  15.87
Category:    version difference
Explanation: Computed ROE (22.64%) vs source snapshot (6.77%). Source is point-in-time, computed is for year 2015-03.

--- Entry 627 ---
Company:     GODREJCP
Year:        2014-03
Metric:      ROCE
Computed:    18.71
Source:      26.49
Difference:  7.78
Category:    formula discrepancy
Explanation: Computed ROCE (18.71%) vs source snapshot (26.49%). Source is a point-in-time snapshot, computed is for year 2014-03. 

--- Entry 628 ---
Company:     GODREJCP
Year:        2014-03
Metric:      ROE
Computed:    21.7
Source:      6.77
Difference:  14.93
Category:    version difference
Explanation: Computed ROE (21.70%) vs source snapshot (6.77%). Source is point-in-time, computed is for year 2014-03.

--- Entry 629 ---
Company:     GODREJCP
Year:        2013-03
Metric:      ROCE
Computed:    19.28
Source:      26.49
Difference:  7.21
Category:    formula discrepancy
Explanation: Computed ROCE (19.28%) vs source snapshot (26.49%). Source is a point-in-time snapshot, computed is for year 2013-03. 

--- Entry 630 ---
Company:     GODREJCP
Year:        2013-03
Metric:      ROE
Computed:    25.51
Source:      6.77
Difference:  18.74
Category:    version difference
Explanation: Computed ROE (25.51%) vs source snapshot (6.77%). Source is point-in-time, computed is for year 2013-03.

--- Entry 631 ---
Company:     GAIL
Year:        2023-03
Metric:      ROCE
Computed:    9.21
Source:      14.7
Difference:  5.49
Category:    formula discrepancy
Explanation: Computed ROCE (9.21%) vs source snapshot (14.7%). Source is a point-in-time snapshot, computed is for year 2023-03. 

--- Entry 632 ---
Company:     GAIL
Year:        2023-03
Metric:      ROE
Computed:    8.62
Source:      14.0
Difference:  5.38
Category:    version difference
Explanation: Computed ROE (8.62%) vs source snapshot (14.0%). Source is point-in-time, computed is for year 2023-03.

--- Entry 633 ---
Company:     GAIL
Year:        2022-03
Metric:      ROCE
Computed:    21.36
Source:      14.7
Difference:  6.66
Category:    formula discrepancy
Explanation: Computed ROCE (21.36%) vs source snapshot (14.7%). Source is a point-in-time snapshot, computed is for year 2022-03. 

--- Entry 634 ---
Company:     GAIL
Year:        2022-03
Metric:      ROE
Computed:    19.19
Source:      14.0
Difference:  5.19
Category:    version difference
Explanation: Computed ROE (19.19%) vs source snapshot (14.0%). Source is point-in-time, computed is for year 2022-03.

--- Entry 635 ---
Company:     GAIL
Year:        2020-03
Metric:      ROE
Computed:    19.31
Source:      14.0
Difference:  5.31
Category:    version difference
Explanation: Computed ROE (19.31%) vs source snapshot (14.0%). Source is point-in-time, computed is for year 2020-03.

--- Entry 636 ---
Company:     GAIL
Year:        2019-03
Metric:      ROCE
Computed:    20.71
Source:      14.7
Difference:  6.01
Category:    formula discrepancy
Explanation: Computed ROCE (20.71%) vs source snapshot (14.7%). Source is a point-in-time snapshot, computed is for year 2019-03. 

--- Entry 637 ---
Company:     GRASIM
Year:        2023-03
Metric:      ROE
Computed:    14.07
Source:      6.9
Difference:  7.17
Category:    version difference
Explanation: Computed ROE (14.07%) vs source snapshot (6.9%). Source is point-in-time, computed is for year 2023-03.

--- Entry 638 ---
Company:     GRASIM
Year:        2022-03
Metric:      ROE
Computed:    14.8
Source:      6.9
Difference:  7.9
Category:    version difference
Explanation: Computed ROE (14.80%) vs source snapshot (6.9%). Source is point-in-time, computed is for year 2022-03.

--- Entry 639 ---
Company:     GRASIM
Year:        2017-03
Metric:      ROCE
Computed:    16.39
Source:      9.3
Difference:  7.09
Category:    formula discrepancy
Explanation: Computed ROCE (16.39%) vs source snapshot (9.3%). Source is a point-in-time snapshot, computed is for year 2017-03. 

--- Entry 640 ---
Company:     GRASIM
Year:        2017-03
Metric:      ROE
Computed:    13.53
Source:      6.9
Difference:  6.63
Category:    version difference
Explanation: Computed ROE (13.53%) vs source snapshot (6.9%). Source is point-in-time, computed is for year 2017-03.

--- Entry 641 ---
Company:     GRASIM
Year:        2016-03
Metric:      ROE
Computed:    12.6
Source:      6.9
Difference:  5.7
Category:    version difference
Explanation: Computed ROE (12.60%) vs source snapshot (6.9%). Source is point-in-time, computed is for year 2016-03.

--- Entry 642 ---
Company:     GRASIM
Year:        2014-03
Metric:      ROE
Computed:    13.67
Source:      6.9
Difference:  6.77
Category:    version difference
Explanation: Computed ROE (13.67%) vs source snapshot (6.9%). Source is point-in-time, computed is for year 2014-03.

--- Entry 643 ---
Company:     GRASIM
Year:        2013-03
Metric:      ROCE
Computed:    18.81
Source:      9.3
Difference:  9.51
Category:    formula discrepancy
Explanation: Computed ROCE (18.81%) vs source snapshot (9.3%). Source is a point-in-time snapshot, computed is for year 2013-03. 

--- Entry 644 ---
Company:     GRASIM
Year:        2013-03
Metric:      ROE
Computed:    19.22
Source:      6.9
Difference:  12.32
Category:    version difference
Explanation: Computed ROE (19.22%) vs source snapshot (6.9%). Source is point-in-time, computed is for year 2013-03.

--- Entry 645 ---
Company:     GODREJCP
Year:        2023-03
Metric:      ROCE
Computed:    15.55
Source:      26.49
Difference:  10.94
Category:    formula discrepancy
Explanation: Computed ROCE (15.55%) vs source snapshot (26.49%). Source is a point-in-time snapshot, computed is for year 2023-03. 

--- Entry 646 ---
Company:     GODREJCP
Year:        2023-03
Metric:      ROE
Computed:    12.34
Source:      6.77
Difference:  5.57
Category:    version difference
Explanation: Computed ROE (12.34%) vs source snapshot (6.77%). Source is point-in-time, computed is for year 2023-03.

--- Entry 647 ---
Company:     HAVELLS
Year:        2016-03
Metric:      ROCE
Computed:    50.96
Source:      24.4
Difference:  26.56
Category:    formula discrepancy
Explanation: Computed ROCE (50.96%) vs source snapshot (24.4%). Source is a point-in-time snapshot, computed is for year 2016-03. 

--- Entry 648 ---
Company:     HAVELLS
Year:        2016-03
Metric:      ROE
Computed:    42.95
Source:      18.0
Difference:  24.95
Category:    version difference
Explanation: Computed ROE (42.95%) vs source snapshot (18.0%). Source is point-in-time, computed is for year 2016-03.

--- Entry 649 ---
Company:     HAVELLS
Year:        2015-03
Metric:      ROCE
Computed:    29.66
Source:      24.4
Difference:  5.26
Category:    formula discrepancy
Explanation: Computed ROCE (29.66%) vs source snapshot (24.4%). Source is a point-in-time snapshot, computed is for year 2015-03. 

--- Entry 650 ---
Company:     HAVELLS
Year:        2014-03
Metric:      ROE
Computed:    26.77
Source:      18.0
Difference:  8.77
Category:    version difference
Explanation: Computed ROE (26.77%) vs source snapshot (18.0%). Source is point-in-time, computed is for year 2014-03.

--- Entry 651 ---
Company:     HAVELLS
Year:        2013-03
Metric:      ROCE
Computed:    32.47
Source:      24.4
Difference:  8.07
Category:    formula discrepancy
Explanation: Computed ROCE (32.47%) vs source snapshot (24.4%). Source is a point-in-time snapshot, computed is for year 2013-03. 

--- Entry 652 ---
Company:     HAVELLS
Year:        2013-03
Metric:      ROE
Computed:    40.29
Source:      18.0
Difference:  22.29
Category:    version difference
Explanation: Computed ROE (40.29%) vs source snapshot (18.0%). Source is point-in-time, computed is for year 2013-03.

--- Entry 653 ---
Company:     HAL
Year:        2024-03
Metric:      ROCE
Computed:    3180.75
Source:      38.9
Difference:  3141.85
Category:    formula discrepancy
Explanation: Computed ROCE (3180.75%) vs source snapshot (38.9%). Source is a point-in-time snapshot, computed is for year 2024-03. 

--- Entry 654 ---
Company:     HAL
Year:        2024-03
Metric:      ROE
Computed:    3816.58
Source:      28.9
Difference:  3787.68
Category:    version difference
Explanation: Computed ROE (3816.58%) vs source snapshot (28.9%). Source is point-in-time, computed is for year 2024-03.

--- Entry 655 ---
Company:     HAL
Year:        2023-03
Metric:      ROCE
Computed:    2927.23
Source:      38.9
Difference:  2888.33
Category:    formula discrepancy
Explanation: Computed ROCE (2927.23%) vs source snapshot (38.9%). Source is a point-in-time snapshot, computed is for year 2023-03. 

--- Entry 656 ---
Company:     HAL
Year:        2023-03
Metric:      ROE
Computed:    3283.05
Source:      28.9
Difference:  3254.15
Category:    version difference
Explanation: Computed ROE (3283.05%) vs source snapshot (28.9%). Source is point-in-time, computed is for year 2023-03.

--- Entry 657 ---
Company:     HAL
Year:        2022-03
Metric:      ROCE
Computed:    3209.7
Source:      38.9
Difference:  3170.8
Category:    formula discrepancy
Explanation: Computed ROCE (3209.70%) vs source snapshot (38.9%). Source is a point-in-time snapshot, computed is for year 2022-03. 

--- Entry 658 ---
Company:     HAL
Year:        2022-03
Metric:      ROE
Computed:    3324.18
Source:      28.9
Difference:  3295.28
Category:    version difference
Explanation: Computed ROE (3324.18%) vs source snapshot (28.9%). Source is point-in-time, computed is for year 2022-03.

--- Entry 659 ---
Company:     HAL
Year:        2021-03
Metric:      ROCE
Computed:    3029.33
Source:      38.9
Difference:  2990.43
Category:    formula discrepancy
Explanation: Computed ROCE (3029.33%) vs source snapshot (38.9%). Source is a point-in-time snapshot, computed is for year 2021-03. 

--- Entry 660 ---
Company:     HAL
Year:        2021-03
Metric:      ROE
Computed:    2249.31
Source:      28.9
Difference:  2220.41
Category:    version difference
Explanation: Computed ROE (2249.31%) vs source snapshot (28.9%). Source is point-in-time, computed is for year 2021-03.

--- Entry 661 ---
Company:     HAL
Year:        2020-03
Metric:      ROCE
Computed:    3069.29
Source:      38.9
Difference:  3030.39
Category:    formula discrepancy
Explanation: Computed ROCE (3069.29%) vs source snapshot (38.9%). Source is a point-in-time snapshot, computed is for year 2020-03. 

--- Entry 662 ---
Company:     HAL
Year:        2020-03
Metric:      ROE
Computed:    2059.42
Source:      28.9
Difference:  2030.52
Category:    version difference
Explanation: Computed ROE (2059.42%) vs source snapshot (28.9%). Source is point-in-time, computed is for year 2020-03.

--- Entry 663 ---
Company:     HAL
Year:        2019-03
Metric:      ROCE
Computed:    2779.43
Source:      38.9
Difference:  2740.53
Category:    formula discrepancy
Explanation: Computed ROCE (2779.43%) vs source snapshot (38.9%). Source is a point-in-time snapshot, computed is for year 2019-03. 

--- Entry 664 ---
Company:     HAL
Year:        2019-03
Metric:      ROE
Computed:    1763.91
Source:      28.9
Difference:  1735.01
Category:    version difference
Explanation: Computed ROE (1763.91%) vs source snapshot (28.9%). Source is point-in-time, computed is for year 2019-03.

--- Entry 665 ---
Company:     HAL
Year:        2018-03
Metric:      ROCE
Computed:    2462.41
Source:      38.9
Difference:  2423.51
Category:    formula discrepancy
Explanation: Computed ROCE (2462.41%) vs source snapshot (38.9%). Source is a point-in-time snapshot, computed is for year 2018-03. 

--- Entry 666 ---
Company:     HAL
Year:        2018-03
Metric:      ROE
Computed:    1528.46
Source:      28.9
Difference:  1499.56
Category:    version difference
Explanation: Computed ROE (1528.46%) vs source snapshot (28.9%). Source is point-in-time, computed is for year 2018-03.

--- Entry 667 ---
Company:     HAL
Year:        2017-03
Metric:      ROCE
Computed:    2665.93
Source:      38.9
Difference:  2627.03
Category:    formula discrepancy
Explanation: Computed ROCE (2665.93%) vs source snapshot (38.9%). Source is a point-in-time snapshot, computed is for year 2017-03. 

--- Entry 668 ---
Company:     HAL
Year:        2017-03
Metric:      ROE
Computed:    1966.92
Source:      28.9
Difference:  1938.02
Category:    version difference
Explanation: Computed ROE (1966.92%) vs source snapshot (28.9%). Source is point-in-time, computed is for year 2017-03.

--- Entry 669 ---
Company:     HAL
Year:        2016-03
Metric:      ROCE
Computed:    2328.26
Source:      38.9
Difference:  2289.36
Category:    formula discrepancy
Explanation: Computed ROCE (2328.26%) vs source snapshot (38.9%). Source is a point-in-time snapshot, computed is for year 2016-03. 

--- Entry 670 ---
Company:     HAL
Year:        2016-03
Metric:      ROE
Computed:    1665.0
Source:      28.9
Difference:  1636.1
Category:    version difference
Explanation: Computed ROE (1665.00%) vs source snapshot (28.9%). Source is point-in-time, computed is for year 2016-03.

--- Entry 671 ---
Company:     HCLTECH
Year:        2021-03
Metric:      ROCE
Computed:    24.51
Source:      29.6
Difference:  5.09
Category:    formula discrepancy
Explanation: Computed ROCE (24.51%) vs source snapshot (29.6%). Source is a point-in-time snapshot, computed is for year 2021-03. 

--- Entry 672 ---
Company:     HCLTECH
Year:        2020-03
Metric:      ROCE
Computed:    24.45
Source:      29.6
Difference:  5.15
Category:    formula discrepancy
Explanation: Computed ROCE (24.45%) vs source snapshot (29.6%). Source is a point-in-time snapshot, computed is for year 2020-03. 

--- Entry 673 ---
Company:     HCLTECH
Year:        2015-06
Metric:      ROCE
Computed:    37.02
Source:      29.6
Difference:  7.42
Category:    formula discrepancy
Explanation: Computed ROCE (37.02%) vs source snapshot (29.6%). Source is a point-in-time snapshot, computed is for year 2015-06. 

--- Entry 674 ---
Company:     HCLTECH
Year:        2015-06
Metric:      ROE
Computed:    30.31
Source:      23.3
Difference:  7.01
Category:    version difference
Explanation: Computed ROE (30.31%) vs source snapshot (23.3%). Source is point-in-time, computed is for year 2015-06.

--- Entry 675 ---
Company:     HCLTECH
Year:        2014-06
Metric:      ROCE
Computed:    39.05
Source:      29.6
Difference:  9.45
Category:    formula discrepancy
Explanation: Computed ROCE (39.05%) vs source snapshot (29.6%). Source is a point-in-time snapshot, computed is for year 2014-06. 

--- Entry 676 ---
Company:     HCLTECH
Year:        2014-06
Metric:      ROE
Computed:    33.39
Source:      23.3
Difference:  10.09
Category:    version difference
Explanation: Computed ROE (33.39%) vs source snapshot (23.3%). Source is point-in-time, computed is for year 2014-06.

--- Entry 677 ---
Company:     HCLTECH
Year:        2013-06
Metric:      ROCE
Computed:    37.84
Source:      29.6
Difference:  8.24
Category:    formula discrepancy
Explanation: Computed ROCE (37.84%) vs source snapshot (29.6%). Source is a point-in-time snapshot, computed is for year 2013-06. 

--- Entry 678 ---
Company:     HCLTECH
Year:        2013-06
Metric:      ROE
Computed:    30.69
Source:      23.3
Difference:  7.39
Category:    version difference
Explanation: Computed ROE (30.69%) vs source snapshot (23.3%). Source is point-in-time, computed is for year 2013-06.

--- Entry 679 ---
Company:     HDFCLIFE
Year:        2015-03
Metric:      ROCE
Computed:    39.47
Source:      6.61
Difference:  32.86
Category:    version difference
Explanation: Computed ROCE (39.47%) vs source snapshot (6.61%). Source is a point-in-time snapshot, computed is for year 2015-03. Financials sector — structural differences expected.

--- Entry 680 ---
Company:     HDFCLIFE
Year:        2015-03
Metric:      ROE
Computed:    30.93
Source:      11.4
Difference:  19.53
Category:    version difference
Explanation: Computed ROE (30.93%) vs source snapshot (11.4%). Source is point-in-time, computed is for year 2015-03.

--- Entry 681 ---
Company:     HDFCLIFE
Year:        2014-03
Metric:      ROCE
Computed:    53.68
Source:      6.61
Difference:  47.07
Category:    version difference
Explanation: Computed ROCE (53.68%) vs source snapshot (6.61%). Source is a point-in-time snapshot, computed is for year 2014-03. Financials sector — structural differences expected.

--- Entry 682 ---
Company:     HDFCLIFE
Year:        2014-03
Metric:      ROE
Computed:    37.6
Source:      11.4
Difference:  26.2
Category:    version difference
Explanation: Computed ROE (37.60%) vs source snapshot (11.4%). Source is point-in-time, computed is for year 2014-03.

--- Entry 683 ---
Company:     HDFCLIFE
Year:        2013-03
Metric:      ROCE
Computed:    39.64
Source:      6.61
Difference:  33.03
Category:    version difference
Explanation: Computed ROCE (39.64%) vs source snapshot (6.61%). Source is a point-in-time snapshot, computed is for year 2013-03. Financials sector — structural differences expected.

--- Entry 684 ---
Company:     HDFCLIFE
Year:        2013-03
Metric:      ROE
Computed:    33.43
Source:      11.4
Difference:  22.03
Category:    version difference
Explanation: Computed ROE (33.43%) vs source snapshot (11.4%). Source is point-in-time, computed is for year 2013-03.

--- Entry 685 ---
Company:     HEROMOTOCO
Year:        2020-03
Metric:      ROCE
Computed:    40.68
Source:      29.1
Difference:  11.58
Category:    formula discrepancy
Explanation: Computed ROCE (40.68%) vs source snapshot (29.1%). Source is a point-in-time snapshot, computed is for year 2020-03. 

--- Entry 686 ---
Company:     HEROMOTOCO
Year:        2019-03
Metric:      ROCE
Computed:    43.52
Source:      29.1
Difference:  14.42
Category:    formula discrepancy
Explanation: Computed ROCE (43.52%) vs source snapshot (29.1%). Source is a point-in-time snapshot, computed is for year 2019-03. 

--- Entry 687 ---
Company:     HEROMOTOCO
Year:        2018-03
Metric:      ROCE
Computed:    48.0
Source:      29.1
Difference:  18.9
Category:    formula discrepancy
Explanation: Computed ROCE (48.00%) vs source snapshot (29.1%). Source is a point-in-time snapshot, computed is for year 2018-03. 

--- Entry 688 ---
Company:     HEROMOTOCO
Year:        2018-03
Metric:      ROE
Computed:    31.09
Source:      22.0
Difference:  9.09
Category:    version difference
Explanation: Computed ROE (31.09%) vs source snapshot (22.0%). Source is point-in-time, computed is for year 2018-03.

--- Entry 689 ---
Company:     HEROMOTOCO
Year:        2017-03
Metric:      ROCE
Computed:    54.03
Source:      29.1
Difference:  24.93
Category:    formula discrepancy
Explanation: Computed ROCE (54.03%) vs source snapshot (29.1%). Source is a point-in-time snapshot, computed is for year 2017-03. 

--- Entry 690 ---
Company:     HEROMOTOCO
Year:        2017-03
Metric:      ROE
Computed:    34.37
Source:      22.0
Difference:  12.37
Category:    version difference
Explanation: Computed ROE (34.37%) vs source snapshot (22.0%). Source is point-in-time, computed is for year 2017-03.

--- Entry 691 ---
Company:     HEROMOTOCO
Year:        2016-03
Metric:      ROCE
Computed:    53.03
Source:      29.1
Difference:  23.93
Category:    formula discrepancy
Explanation: Computed ROCE (53.03%) vs source snapshot (29.1%). Source is a point-in-time snapshot, computed is for year 2016-03. 

--- Entry 692 ---
Company:     HEROMOTOCO
Year:        2016-03
Metric:      ROE
Computed:    35.23
Source:      22.0
Difference:  13.23
Category:    version difference
Explanation: Computed ROE (35.23%) vs source snapshot (22.0%). Source is point-in-time, computed is for year 2016-03.

--- Entry 693 ---
Company:     HEROMOTOCO
Year:        2015-03
Metric:      ROCE
Computed:    54.47
Source:      29.1
Difference:  25.37
Category:    formula discrepancy
Explanation: Computed ROCE (54.47%) vs source snapshot (29.1%). Source is a point-in-time snapshot, computed is for year 2015-03. 

--- Entry 694 ---
Company:     HEROMOTOCO
Year:        2015-03
Metric:      ROE
Computed:    36.15
Source:      22.0
Difference:  14.15
Category:    version difference
Explanation: Computed ROE (36.15%) vs source snapshot (22.0%). Source is point-in-time, computed is for year 2015-03.

--- Entry 695 ---
Company:     HEROMOTOCO
Year:        2014-03
Metric:      ROCE
Computed:    55.76
Source:      29.1
Difference:  26.66
Category:    formula discrepancy
Explanation: Computed ROCE (55.76%) vs source snapshot (29.1%). Source is a point-in-time snapshot, computed is for year 2014-03. 

--- Entry 696 ---
Company:     HEROMOTOCO
Year:        2014-03
Metric:      ROE
Computed:    37.38
Source:      22.0
Difference:  15.38
Category:    version difference
Explanation: Computed ROE (37.38%) vs source snapshot (22.0%). Source is point-in-time, computed is for year 2014-03.

--- Entry 697 ---
Company:     HDFCLIFE
Year:        2023-03
Metric:      ROCE
Computed:    20.64
Source:      6.61
Difference:  14.03
Category:    version difference
Explanation: Computed ROCE (20.64%) vs source snapshot (6.61%). Source is a point-in-time snapshot, computed is for year 2023-03. Financials sector — structural differences expected.

--- Entry 698 ---
Company:     HDFCLIFE
Year:        2022-03
Metric:      ROCE
Computed:    13.9
Source:      6.61
Difference:  7.29
Category:    version difference
Explanation: Computed ROCE (13.90%) vs source snapshot (6.61%). Source is a point-in-time snapshot, computed is for year 2022-03. Financials sector — structural differences expected.

--- Entry 699 ---
Company:     HDFCLIFE
Year:        2021-03
Metric:      ROCE
Computed:    22.45
Source:      6.61
Difference:  15.84
Category:    version difference
Explanation: Computed ROCE (22.45%) vs source snapshot (6.61%). Source is a point-in-time snapshot, computed is for year 2021-03. Financials sector — structural differences expected.

--- Entry 700 ---
Company:     HDFCLIFE
Year:        2020-03
Metric:      ROCE
Computed:    26.91
Source:      6.61
Difference:  20.3
Category:    version difference
Explanation: Computed ROCE (26.91%) vs source snapshot (6.61%). Source is a point-in-time snapshot, computed is for year 2020-03. Financials sector — structural differences expected.

--- Entry 701 ---
Company:     HDFCLIFE
Year:        2020-03
Metric:      ROE
Computed:    19.05
Source:      11.4
Difference:  7.65
Category:    version difference
Explanation: Computed ROE (19.05%) vs source snapshot (11.4%). Source is point-in-time, computed is for year 2020-03.

--- Entry 702 ---
Company:     HDFCLIFE
Year:        2019-03
Metric:      ROCE
Computed:    25.29
Source:      6.61
Difference:  18.68
Category:    version difference
Explanation: Computed ROCE (25.29%) vs source snapshot (6.61%). Source is a point-in-time snapshot, computed is for year 2019-03. Financials sector — structural differences expected.

--- Entry 703 ---
Company:     HDFCLIFE
Year:        2019-03
Metric:      ROE
Computed:    22.65
Source:      11.4
Difference:  11.25
Category:    version difference
Explanation: Computed ROE (22.65%) vs source snapshot (11.4%). Source is point-in-time, computed is for year 2019-03.

--- Entry 704 ---
Company:     HDFCLIFE
Year:        2018-03
Metric:      ROCE
Computed:    33.62
Source:      6.61
Difference:  27.01
Category:    version difference
Explanation: Computed ROCE (33.62%) vs source snapshot (6.61%). Source is a point-in-time snapshot, computed is for year 2018-03. Financials sector — structural differences expected.

--- Entry 705 ---
Company:     HDFCLIFE
Year:        2018-03
Metric:      ROE
Computed:    23.53
Source:      11.4
Difference:  12.13
Category:    version difference
Explanation: Computed ROE (23.53%) vs source snapshot (11.4%). Source is point-in-time, computed is for year 2018-03.

--- Entry 706 ---
Company:     HDFCLIFE
Year:        2017-03
Metric:      ROCE
Computed:    31.36
Source:      6.61
Difference:  24.75
Category:    version difference
Explanation: Computed ROCE (31.36%) vs source snapshot (6.61%). Source is a point-in-time snapshot, computed is for year 2017-03. Financials sector — structural differences expected.

--- Entry 707 ---
Company:     HDFCLIFE
Year:        2017-03
Metric:      ROE
Computed:    23.18
Source:      11.4
Difference:  11.78
Category:    version difference
Explanation: Computed ROE (23.18%) vs source snapshot (11.4%). Source is point-in-time, computed is for year 2017-03.

--- Entry 708 ---
Company:     HDFCLIFE
Year:        2016-03
Metric:      ROCE
Computed:    35.97
Source:      6.61
Difference:  29.36
Category:    version difference
Explanation: Computed ROCE (35.97%) vs source snapshot (6.61%). Source is a point-in-time snapshot, computed is for year 2016-03. Financials sector — structural differences expected.

--- Entry 709 ---
Company:     HDFCLIFE
Year:        2016-03
Metric:      ROE
Computed:    26.33
Source:      11.4
Difference:  14.93
Category:    version difference
Explanation: Computed ROE (26.33%) vs source snapshot (11.4%). Source is point-in-time, computed is for year 2016-03.

--- Entry 710 ---
Company:     HINDALCO
Year:        2022-03
Metric:      ROE
Computed:    17.56
Source:      10.2
Difference:  7.36
Category:    version difference
Explanation: Computed ROE (17.56%) vs source snapshot (10.2%). Source is point-in-time, computed is for year 2022-03.

--- Entry 711 ---
Company:     HINDALCO
Year:        2021-03
Metric:      ROCE
Computed:    3.9
Source:      11.3
Difference:  7.4
Category:    formula discrepancy
Explanation: Computed ROCE (3.90%) vs source snapshot (11.3%). Source is a point-in-time snapshot, computed is for year 2021-03. 

--- Entry 712 ---
Company:     HINDALCO
Year:        2020-03
Metric:      ROCE
Computed:    5.39
Source:      11.3
Difference:  5.91
Category:    formula discrepancy
Explanation: Computed ROCE (5.39%) vs source snapshot (11.3%). Source is a point-in-time snapshot, computed is for year 2020-03. 

--- Entry 713 ---
Company:     HINDALCO
Year:        2017-03
Metric:      ROCE
Computed:    4.11
Source:      11.3
Difference:  7.19
Category:    formula discrepancy
Explanation: Computed ROCE (4.11%) vs source snapshot (11.3%). Source is a point-in-time snapshot, computed is for year 2017-03. 

--- Entry 714 ---
Company:     HINDALCO
Year:        2017-03
Metric:      ROE
Computed:    4.09
Source:      10.2
Difference:  6.11
Category:    version difference
Explanation: Computed ROE (4.09%) vs source snapshot (10.2%). Source is point-in-time, computed is for year 2017-03.

--- Entry 715 ---
Company:     HINDALCO
Year:        2016-03
Metric:      ROCE
Computed:    1.2
Source:      11.3
Difference:  10.1
Category:    formula discrepancy
Explanation: Computed ROCE (1.20%) vs source snapshot (11.3%). Source is a point-in-time snapshot, computed is for year 2016-03. 

--- Entry 716 ---
Company:     HINDALCO
Year:        2016-03
Metric:      ROE
Computed:    -1.73
Source:      10.2
Difference:  11.93
Category:    version difference
Explanation: Computed ROE (-1.73%) vs source snapshot (10.2%). Source is point-in-time, computed is for year 2016-03.

--- Entry 717 ---
Company:     HINDALCO
Year:        2015-03
Metric:      ROCE
Computed:    -0.46
Source:      11.3
Difference:  11.76
Category:    formula discrepancy
Explanation: Computed ROCE (-0.46%) vs source snapshot (11.3%). Source is a point-in-time snapshot, computed is for year 2015-03. 

--- Entry 718 ---
Company:     HINDALCO
Year:        2015-03
Metric:      ROE
Computed:    0.68
Source:      10.2
Difference:  9.52
Category:    version difference
Explanation: Computed ROE (0.68%) vs source snapshot (10.2%). Source is point-in-time, computed is for year 2015-03.

--- Entry 719 ---
Company:     HINDALCO
Year:        2014-03
Metric:      ROCE
Computed:    3.16
Source:      11.3
Difference:  8.14
Category:    formula discrepancy
Explanation: Computed ROCE (3.16%) vs source snapshot (11.3%). Source is a point-in-time snapshot, computed is for year 2014-03. 

--- Entry 720 ---
Company:     HINDALCO
Year:        2013-03
Metric:      ROCE
Computed:    5.44
Source:      11.3
Difference:  5.86
Category:    formula discrepancy
Explanation: Computed ROCE (5.44%) vs source snapshot (11.3%). Source is a point-in-time snapshot, computed is for year 2013-03. 

--- Entry 721 ---
Company:     HEROMOTOCO
Year:        2023-03
Metric:      ROE
Computed:    16.81
Source:      22.0
Difference:  5.19
Category:    version difference
Explanation: Computed ROE (16.81%) vs source snapshot (22.0%). Source is point-in-time, computed is for year 2023-03.

--- Entry 722 ---
Company:     HEROMOTOCO
Year:        2022-03
Metric:      ROCE
Computed:    21.9
Source:      29.1
Difference:  7.2
Category:    formula discrepancy
Explanation: Computed ROCE (21.90%) vs source snapshot (29.1%). Source is a point-in-time snapshot, computed is for year 2022-03. 

--- Entry 723 ---
Company:     HEROMOTOCO
Year:        2022-03
Metric:      ROE
Computed:    14.7
Source:      22.0
Difference:  7.3
Category:    version difference
Explanation: Computed ROE (14.70%) vs source snapshot (22.0%). Source is point-in-time, computed is for year 2022-03.

--- Entry 724 ---
Company:     ICICIBANK
Year:        2016-03
Metric:      ROE
Computed:    11.61
Source:      18.8
Difference:  7.19
Category:    version difference
Explanation: Computed ROE (11.61%) vs source snapshot (18.8%). Source is point-in-time, computed is for year 2016-03.

--- Entry 725 ---
Company:     HINDUNILVR
Year:        2020-03
Metric:      ROCE
Computed:    116.53
Source:      27.2
Difference:  89.33
Category:    formula discrepancy
Explanation: Computed ROCE (116.53%) vs source snapshot (27.2%). Source is a point-in-time snapshot, computed is for year 2020-03. 

--- Entry 726 ---
Company:     HINDUNILVR
Year:        2020-03
Metric:      ROE
Computed:    82.1
Source:      20.2
Difference:  61.9
Category:    version difference
Explanation: Computed ROE (82.10%) vs source snapshot (20.2%). Source is point-in-time, computed is for year 2020-03.

--- Entry 727 ---
Company:     HINDUNILVR
Year:        2019-03
Metric:      ROCE
Computed:    112.05
Source:      27.2
Difference:  84.85
Category:    formula discrepancy
Explanation: Computed ROCE (112.05%) vs source snapshot (27.2%). Source is a point-in-time snapshot, computed is for year 2019-03. 

--- Entry 728 ---
Company:     HINDUNILVR
Year:        2019-03
Metric:      ROE
Computed:    77.03
Source:      20.2
Difference:  56.83
Category:    version difference
Explanation: Computed ROE (77.03%) vs source snapshot (20.2%). Source is point-in-time, computed is for year 2019-03.

--- Entry 729 ---
Company:     HINDUNILVR
Year:        2018-03
Metric:      ROCE
Computed:    105.19
Source:      27.2
Difference:  77.99
Category:    formula discrepancy
Explanation: Computed ROCE (105.19%) vs source snapshot (27.2%). Source is a point-in-time snapshot, computed is for year 2018-03. 

--- Entry 730 ---
Company:     HINDUNILVR
Year:        2018-03
Metric:      ROE
Computed:    71.79
Source:      20.2
Difference:  51.59
Category:    version difference
Explanation: Computed ROE (71.79%) vs source snapshot (20.2%). Source is point-in-time, computed is for year 2018-03.

--- Entry 731 ---
Company:     HINDUNILVR
Year:        2017-03
Metric:      ROCE
Computed:    100.74
Source:      27.2
Difference:  73.54
Category:    formula discrepancy
Explanation: Computed ROCE (100.74%) vs source snapshot (27.2%). Source is a point-in-time snapshot, computed is for year 2017-03. 

--- Entry 732 ---
Company:     HINDUNILVR
Year:        2017-03
Metric:      ROE
Computed:    66.58
Source:      20.2
Difference:  46.38
Category:    version difference
Explanation: Computed ROE (66.58%) vs source snapshot (20.2%). Source is point-in-time, computed is for year 2017-03.

--- Entry 733 ---
Company:     HINDUNILVR
Year:        2016-03
Metric:      ROCE
Computed:    96.47
Source:      27.2
Difference:  69.27
Category:    formula discrepancy
Explanation: Computed ROCE (96.47%) vs source snapshot (27.2%). Source is a point-in-time snapshot, computed is for year 2016-03. 

--- Entry 734 ---
Company:     HINDUNILVR
Year:        2016-03
Metric:      ROE
Computed:    63.15
Source:      20.2
Difference:  42.95
Category:    version difference
Explanation: Computed ROE (63.15%) vs source snapshot (20.2%). Source is point-in-time, computed is for year 2016-03.

--- Entry 735 ---
Company:     HINDUNILVR
Year:        2015-03
Metric:      ROCE
Computed:    185.92
Source:      27.2
Difference:  158.72
Category:    formula discrepancy
Explanation: Computed ROCE (185.92%) vs source snapshot (27.2%). Source is a point-in-time snapshot, computed is for year 2015-03. 

--- Entry 736 ---
Company:     HINDUNILVR
Year:        2015-03
Metric:      ROE
Computed:    108.67
Source:      20.2
Difference:  88.47
Category:    version difference
Explanation: Computed ROE (108.67%) vs source snapshot (20.2%). Source is point-in-time, computed is for year 2015-03.

--- Entry 737 ---
Company:     HINDUNILVR
Year:        2014-03
Metric:      ROCE
Computed:    167.65
Source:      27.2
Difference:  140.45
Category:    formula discrepancy
Explanation: Computed ROCE (167.65%) vs source snapshot (27.2%). Source is a point-in-time snapshot, computed is for year 2014-03. 

--- Entry 738 ---
Company:     HINDUNILVR
Year:        2014-03
Metric:      ROE
Computed:    111.85
Source:      20.2
Difference:  91.65
Category:    version difference
Explanation: Computed ROE (111.85%) vs source snapshot (20.2%). Source is point-in-time, computed is for year 2014-03.

--- Entry 739 ---
Company:     HINDUNILVR
Year:        2013-03
Metric:      ROCE
Computed:    214.15
Source:      27.2
Difference:  186.95
Category:    formula discrepancy
Explanation: Computed ROCE (214.15%) vs source snapshot (27.2%). Source is a point-in-time snapshot, computed is for year 2013-03. 

--- Entry 740 ---
Company:     HINDUNILVR
Year:        2013-03
Metric:      ROE
Computed:    134.0
Source:      20.2
Difference:  113.8
Category:    version difference
Explanation: Computed ROE (134.00%) vs source snapshot (20.2%). Source is point-in-time, computed is for year 2013-03.

--- Entry 741 ---
Company:     ICICIGI
Year:        2018-03
Metric:      ROCE
Computed:    55.01
Source:      22.5
Difference:  32.51
Category:    version difference
Explanation: Computed ROCE (55.01%) vs source snapshot (22.5%). Source is a point-in-time snapshot, computed is for year 2018-03. Financials sector — structural differences expected.

--- Entry 742 ---
Company:     ICICIGI
Year:        2015-03
Metric:      ROCE
Computed:    58.8
Source:      22.5
Difference:  36.3
Category:    version difference
Explanation: Computed ROCE (58.80%) vs source snapshot (22.5%). Source is a point-in-time snapshot, computed is for year 2015-03. Financials sector — structural differences expected.

--- Entry 743 ---
Company:     ICICIGI
Year:        2014-03
Metric:      ROCE
Computed:    56.39
Source:      22.5
Difference:  33.89
Category:    version difference
Explanation: Computed ROCE (56.39%) vs source snapshot (22.5%). Source is a point-in-time snapshot, computed is for year 2014-03. Financials sector — structural differences expected.

--- Entry 744 ---
Company:     ICICIGI
Year:        2013-03
Metric:      ROCE
Computed:    50.11
Source:      22.5
Difference:  27.61
Category:    version difference
Explanation: Computed ROCE (50.11%) vs source snapshot (22.5%). Source is a point-in-time snapshot, computed is for year 2013-03. Financials sector — structural differences expected.

--- Entry 745 ---
Company:     ICICIBANK
Year:        2021-03
Metric:      ROE
Computed:    12.92
Source:      18.8
Difference:  5.88
Category:    version difference
Explanation: Computed ROE (12.92%) vs source snapshot (18.8%). Source is point-in-time, computed is for year 2021-03.

--- Entry 746 ---
Company:     ICICIBANK
Year:        2020-03
Metric:      ROE
Computed:    9.13
Source:      18.8
Difference:  9.67
Category:    version difference
Explanation: Computed ROE (9.13%) vs source snapshot (18.8%). Source is point-in-time, computed is for year 2020-03.

--- Entry 747 ---
Company:     ICICIBANK
Year:        2019-03
Metric:      ROE
Computed:    4.98
Source:      18.8
Difference:  13.82
Category:    version difference
Explanation: Computed ROE (4.98%) vs source snapshot (18.8%). Source is point-in-time, computed is for year 2019-03.

--- Entry 748 ---
Company:     ICICIBANK
Year:        2018-03
Metric:      ROE
Computed:    8.23
Source:      18.8
Difference:  10.57
Category:    version difference
Explanation: Computed ROE (8.23%) vs source snapshot (18.8%). Source is point-in-time, computed is for year 2018-03.

--- Entry 749 ---
Company:     ICICIBANK
Year:        2017-03
Metric:      ROE
Computed:    10.84
Source:      18.8
Difference:  7.96
Category:    version difference
Explanation: Computed ROE (10.84%) vs source snapshot (18.8%). Source is point-in-time, computed is for year 2017-03.

--- Entry 750 ---
Company:     ICICIPRULI
Year:        2024-03
Metric:      ROCE
Computed:    32.76
Source:      8.75
Difference:  24.01
Category:    version difference
Explanation: Computed ROCE (32.76%) vs source snapshot (8.75%). Source is a point-in-time snapshot, computed is for year 2024-03. Financials sector — structural differences expected.

--- Entry 751 ---
Company:     ICICIPRULI
Year:        2023-03
Metric:      ROCE
Computed:    35.52
Source:      8.75
Difference:  26.77
Category:    version difference
Explanation: Computed ROCE (35.52%) vs source snapshot (8.75%). Source is a point-in-time snapshot, computed is for year 2023-03. Financials sector — structural differences expected.

--- Entry 752 ---
Company:     ICICIPRULI
Year:        2022-03
Metric:      ROCE
Computed:    40.08
Source:      8.75
Difference:  31.33
Category:    version difference
Explanation: Computed ROCE (40.08%) vs source snapshot (8.75%). Source is a point-in-time snapshot, computed is for year 2022-03. Financials sector — structural differences expected.

--- Entry 753 ---
Company:     ICICIPRULI
Year:        2021-03
Metric:      ROCE
Computed:    28.01
Source:      8.75
Difference:  19.26
Category:    version difference
Explanation: Computed ROCE (28.01%) vs source snapshot (8.75%). Source is a point-in-time snapshot, computed is for year 2021-03. Financials sector — structural differences expected.

--- Entry 754 ---
Company:     ICICIPRULI
Year:        2020-03
Metric:      ROCE
Computed:    38.49
Source:      8.75
Difference:  29.74
Category:    version difference
Explanation: Computed ROCE (38.49%) vs source snapshot (8.75%). Source is a point-in-time snapshot, computed is for year 2020-03. Financials sector — structural differences expected.

--- Entry 755 ---
Company:     ICICIPRULI
Year:        2020-03
Metric:      ROE
Computed:    14.79
Source:      8.07
Difference:  6.72
Category:    version difference
Explanation: Computed ROE (14.79%) vs source snapshot (8.07%). Source is point-in-time, computed is for year 2020-03.

--- Entry 756 ---
Company:     ICICIPRULI
Year:        2019-03
Metric:      ROCE
Computed:    30.37
Source:      8.75
Difference:  21.62
Category:    version difference
Explanation: Computed ROCE (30.37%) vs source snapshot (8.75%). Source is a point-in-time snapshot, computed is for year 2019-03. Financials sector — structural differences expected.

--- Entry 757 ---
Company:     ICICIPRULI
Year:        2019-03
Metric:      ROE
Computed:    16.58
Source:      8.07
Difference:  8.51
Category:    version difference
Explanation: Computed ROE (16.58%) vs source snapshot (8.07%). Source is point-in-time, computed is for year 2019-03.

--- Entry 758 ---
Company:     ICICIPRULI
Year:        2018-03
Metric:      ROCE
Computed:    29.98
Source:      8.75
Difference:  21.23
Category:    version difference
Explanation: Computed ROCE (29.98%) vs source snapshot (8.75%). Source is a point-in-time snapshot, computed is for year 2018-03. Financials sector — structural differences expected.

--- Entry 759 ---
Company:     ICICIPRULI
Year:        2018-03
Metric:      ROE
Computed:    24.63
Source:      8.07
Difference:  16.56
Category:    version difference
Explanation: Computed ROE (24.63%) vs source snapshot (8.07%). Source is point-in-time, computed is for year 2018-03.

--- Entry 760 ---
Company:     ICICIPRULI
Year:        2017-03
Metric:      ROCE
Computed:    31.11
Source:      8.75
Difference:  22.36
Category:    version difference
Explanation: Computed ROCE (31.11%) vs source snapshot (8.75%). Source is a point-in-time snapshot, computed is for year 2017-03. Financials sector — structural differences expected.

--- Entry 761 ---
Company:     ICICIPRULI
Year:        2017-03
Metric:      ROE
Computed:    26.26
Source:      8.07
Difference:  18.19
Category:    version difference
Explanation: Computed ROE (26.26%) vs source snapshot (8.07%). Source is point-in-time, computed is for year 2017-03.

--- Entry 762 ---
Company:     ICICIPRULI
Year:        2016-03
Metric:      ROCE
Computed:    29.0
Source:      8.75
Difference:  20.25
Category:    version difference
Explanation: Computed ROCE (29.00%) vs source snapshot (8.75%). Source is a point-in-time snapshot, computed is for year 2016-03. Financials sector — structural differences expected.

--- Entry 763 ---
Company:     ICICIPRULI
Year:        2016-03
Metric:      ROE
Computed:    31.0
Source:      8.07
Difference:  22.93
Category:    version difference
Explanation: Computed ROE (31.00%) vs source snapshot (8.07%). Source is point-in-time, computed is for year 2016-03.

--- Entry 764 ---
Company:     ICICIPRULI
Year:        2015-03
Metric:      ROCE
Computed:    32.0
Source:      8.75
Difference:  23.25
Category:    version difference
Explanation: Computed ROCE (32.00%) vs source snapshot (8.75%). Source is a point-in-time snapshot, computed is for year 2015-03. Financials sector — structural differences expected.

--- Entry 765 ---
Company:     ICICIPRULI
Year:        2015-03
Metric:      ROE
Computed:    31.15
Source:      8.07
Difference:  23.08
Category:    version difference
Explanation: Computed ROE (31.15%) vs source snapshot (8.07%). Source is point-in-time, computed is for year 2015-03.

--- Entry 766 ---
Company:     ICICIPRULI
Year:        2014-03
Metric:      ROCE
Computed:    38.81
Source:      8.75
Difference:  30.06
Category:    version difference
Explanation: Computed ROCE (38.81%) vs source snapshot (8.75%). Source is a point-in-time snapshot, computed is for year 2014-03. Financials sector — structural differences expected.

--- Entry 767 ---
Company:     ICICIPRULI
Year:        2014-03
Metric:      ROE
Computed:    35.61
Source:      8.07
Difference:  27.54
Category:    version difference
Explanation: Computed ROE (35.61%) vs source snapshot (8.07%). Source is point-in-time, computed is for year 2014-03.

--- Entry 768 ---
Company:     ICICIPRULI
Year:        2013-03
Metric:      ROCE
Computed:    62.89
Source:      8.75
Difference:  54.14
Category:    version difference
Explanation: Computed ROCE (62.89%) vs source snapshot (8.75%). Source is a point-in-time snapshot, computed is for year 2013-03. Financials sector — structural differences expected.

--- Entry 769 ---
Company:     ICICIPRULI
Year:        2013-03
Metric:      ROE
Computed:    38.25
Source:      8.07
Difference:  30.18
Category:    version difference
Explanation: Computed ROE (38.25%) vs source snapshot (8.07%). Source is point-in-time, computed is for year 2013-03.

--- Entry 770 ---
Company:     ICICIGI
Year:        2023-03
Metric:      ROCE
Computed:    29.62
Source:      22.5
Difference:  7.12
Category:    version difference
Explanation: Computed ROCE (29.62%) vs source snapshot (22.5%). Source is a point-in-time snapshot, computed is for year 2023-03. Financials sector — structural differences expected.

--- Entry 771 ---
Company:     INFY
Year:        2016-03
Metric:      ROCE
Computed:    30.35
Source:      40.0
Difference:  9.65
Category:    formula discrepancy
Explanation: Computed ROCE (30.35%) vs source snapshot (40.0%). Source is a point-in-time snapshot, computed is for year 2016-03. 

--- Entry 772 ---
Company:     INFY
Year:        2016-03
Metric:      ROE
Computed:    21.85
Source:      31.8
Difference:  9.95
Category:    version difference
Explanation: Computed ROE (21.85%) vs source snapshot (31.8%). Source is point-in-time, computed is for year 2016-03.

--- Entry 773 ---
Company:     INFY
Year:        2015-03
Metric:      ROCE
Computed:    34.09
Source:      40.0
Difference:  5.91
Category:    formula discrepancy
Explanation: Computed ROCE (34.09%) vs source snapshot (40.0%). Source is a point-in-time snapshot, computed is for year 2015-03. 

--- Entry 774 ---
Company:     INFY
Year:        2015-03
Metric:      ROE
Computed:    24.39
Source:      31.8
Difference:  7.41
Category:    version difference
Explanation: Computed ROE (24.39%) vs source snapshot (31.8%). Source is point-in-time, computed is for year 2015-03.

--- Entry 775 ---
Company:     INFY
Year:        2014-03
Metric:      ROCE
Computed:    33.09
Source:      40.0
Difference:  6.91
Category:    formula discrepancy
Explanation: Computed ROCE (33.09%) vs source snapshot (40.0%). Source is a point-in-time snapshot, computed is for year 2014-03. 

--- Entry 776 ---
Company:     INFY
Year:        2014-03
Metric:      ROE
Computed:    23.93
Source:      31.8
Difference:  7.87
Category:    version difference
Explanation: Computed ROE (23.93%) vs source snapshot (31.8%). Source is point-in-time, computed is for year 2014-03.

--- Entry 777 ---
Company:     INFY
Year:        2013-03
Metric:      ROCE
Computed:    33.7
Source:      40.0
Difference:  6.3
Category:    formula discrepancy
Explanation: Computed ROCE (33.70%) vs source snapshot (40.0%). Source is a point-in-time snapshot, computed is for year 2013-03. 

--- Entry 778 ---
Company:     INFY
Year:        2013-03
Metric:      ROE
Computed:    24.82
Source:      31.8
Difference:  6.98
Category:    version difference
Explanation: Computed ROE (24.82%) vs source snapshot (31.8%). Source is point-in-time, computed is for year 2013-03.

--- Entry 779 ---
Company:     INDUSINDBK
Year:        2022-03
Metric:      ROE
Computed:    9.67
Source:      15.2
Difference:  5.53
Category:    version difference
Explanation: Computed ROE (9.67%) vs source snapshot (15.2%). Source is point-in-time, computed is for year 2022-03.

--- Entry 780 ---
Company:     INDUSINDBK
Year:        2021-03
Metric:      ROE
Computed:    6.54
Source:      15.2
Difference:  8.66
Category:    version difference
Explanation: Computed ROE (6.54%) vs source snapshot (15.2%). Source is point-in-time, computed is for year 2021-03.

--- Entry 781 ---
Company:     IOC
Year:        2020-03
Metric:      ROCE
Computed:    -0.62
Source:      21.31
Difference:  21.93
Category:    formula discrepancy
Explanation: Computed ROCE (-0.62%) vs source snapshot (21.31%). Source is a point-in-time snapshot, computed is for year 2020-03. 

--- Entry 782 ---
Company:     IOC
Year:        2020-03
Metric:      ROE
Computed:    -1.97
Source:      25.44
Difference:  27.41
Category:    version difference
Explanation: Computed ROE (-1.97%) vs source snapshot (25.44%). Source is point-in-time, computed is for year 2020-03.

--- Entry 783 ---
Company:     IOC
Year:        2019-03
Metric:      ROCE
Computed:    14.75
Source:      21.31
Difference:  6.56
Category:    formula discrepancy
Explanation: Computed ROCE (14.75%) vs source snapshot (21.31%). Source is a point-in-time snapshot, computed is for year 2019-03. 

--- Entry 784 ---
Company:     IOC
Year:        2019-03
Metric:      ROE
Computed:    15.36
Source:      25.44
Difference:  10.08
Category:    version difference
Explanation: Computed ROE (15.36%) vs source snapshot (25.44%). Source is point-in-time, computed is for year 2019-03.

--- Entry 785 ---
Company:     IOC
Year:        2018-03
Metric:      ROE
Computed:    19.87
Source:      25.44
Difference:  5.57
Category:    version difference
Explanation: Computed ROE (19.87%) vs source snapshot (25.44%). Source is point-in-time, computed is for year 2018-03.

--- Entry 786 ---
Company:     IOC
Year:        2017-03
Metric:      ROE
Computed:    19.97
Source:      25.44
Difference:  5.47
Category:    version difference
Explanation: Computed ROE (19.97%) vs source snapshot (25.44%). Source is point-in-time, computed is for year 2017-03.

--- Entry 787 ---
Company:     IOC
Year:        2016-03
Metric:      ROCE
Computed:    14.51
Source:      21.31
Difference:  6.8
Category:    formula discrepancy
Explanation: Computed ROCE (14.51%) vs source snapshot (21.31%). Source is a point-in-time snapshot, computed is for year 2016-03. 

--- Entry 788 ---
Company:     IOC
Year:        2016-03
Metric:      ROE
Computed:    13.8
Source:      25.44
Difference:  11.64
Category:    version difference
Explanation: Computed ROE (13.80%) vs source snapshot (25.44%). Source is point-in-time, computed is for year 2016-03.

--- Entry 789 ---
Company:     IOC
Year:        2015-03
Metric:      ROCE
Computed:    8.39
Source:      21.31
Difference:  12.92
Category:    formula discrepancy
Explanation: Computed ROCE (8.39%) vs source snapshot (21.31%). Source is a point-in-time snapshot, computed is for year 2015-03. 

--- Entry 790 ---
Company:     IOC
Year:        2015-03
Metric:      ROE
Computed:    7.08
Source:      25.44
Difference:  18.36
Category:    version difference
Explanation: Computed ROE (7.08%) vs source snapshot (25.44%). Source is point-in-time, computed is for year 2015-03.

--- Entry 791 ---
Company:     IOC
Year:        2014-03
Metric:      ROCE
Computed:    9.78
Source:      21.31
Difference:  11.53
Category:    formula discrepancy
Explanation: Computed ROCE (9.78%) vs source snapshot (21.31%). Source is a point-in-time snapshot, computed is for year 2014-03. 

--- Entry 792 ---
Company:     IOC
Year:        2014-03
Metric:      ROE
Computed:    10.26
Source:      25.44
Difference:  15.18
Category:    version difference
Explanation: Computed ROE (10.26%) vs source snapshot (25.44%). Source is point-in-time, computed is for year 2014-03.

--- Entry 793 ---
Company:     IOC
Year:        2013-03
Metric:      ROCE
Computed:    7.64
Source:      21.31
Difference:  13.67
Category:    formula discrepancy
Explanation: Computed ROCE (7.64%) vs source snapshot (21.31%). Source is a point-in-time snapshot, computed is for year 2013-03. 

--- Entry 794 ---
Company:     IOC
Year:        2013-03
Metric:      ROE
Computed:    5.75
Source:      25.44
Difference:  19.69
Category:    version difference
Explanation: Computed ROE (5.75%) vs source snapshot (25.44%). Source is point-in-time, computed is for year 2013-03.

--- Entry 795 ---
Company:     INFY
Year:        2021-03
Metric:      ROCE
Computed:    32.84
Source:      40.0
Difference:  7.16
Category:    formula discrepancy
Explanation: Computed ROCE (32.84%) vs source snapshot (40.0%). Source is a point-in-time snapshot, computed is for year 2021-03. 

--- Entry 796 ---
Company:     INFY
Year:        2021-03
Metric:      ROE
Computed:    25.44
Source:      31.8
Difference:  6.36
Category:    version difference
Explanation: Computed ROE (25.44%) vs source snapshot (31.8%). Source is point-in-time, computed is for year 2021-03.

--- Entry 797 ---
Company:     INFY
Year:        2020-03
Metric:      ROCE
Computed:    31.64
Source:      40.0
Difference:  8.36
Category:    formula discrepancy
Explanation: Computed ROCE (31.64%) vs source snapshot (40.0%). Source is a point-in-time snapshot, computed is for year 2020-03. 

--- Entry 798 ---
Company:     INFY
Year:        2020-03
Metric:      ROE
Computed:    25.42
Source:      31.8
Difference:  6.38
Category:    version difference
Explanation: Computed ROE (25.42%) vs source snapshot (31.8%). Source is point-in-time, computed is for year 2020-03.

--- Entry 799 ---
Company:     INFY
Year:        2019-03
Metric:      ROCE
Computed:    32.4
Source:      40.0
Difference:  7.6
Category:    formula discrepancy
Explanation: Computed ROCE (32.40%) vs source snapshot (40.0%). Source is a point-in-time snapshot, computed is for year 2019-03. 

--- Entry 800 ---
Company:     INFY
Year:        2019-03
Metric:      ROE
Computed:    23.73
Source:      31.8
Difference:  8.07
Category:    version difference
Explanation: Computed ROE (23.73%) vs source snapshot (31.8%). Source is point-in-time, computed is for year 2019-03.

--- Entry 801 ---
Company:     INFY
Year:        2018-03
Metric:      ROCE
Computed:    31.22
Source:      40.0
Difference:  8.78
Category:    formula discrepancy
Explanation: Computed ROCE (31.22%) vs source snapshot (40.0%). Source is a point-in-time snapshot, computed is for year 2018-03. 

--- Entry 802 ---
Company:     INFY
Year:        2018-03
Metric:      ROE
Computed:    24.69
Source:      31.8
Difference:  7.11
Category:    version difference
Explanation: Computed ROE (24.69%) vs source snapshot (31.8%). Source is point-in-time, computed is for year 2018-03.

--- Entry 803 ---
Company:     INFY
Year:        2017-03
Metric:      ROCE
Computed:    28.92
Source:      40.0
Difference:  11.08
Category:    formula discrepancy
Explanation: Computed ROCE (28.92%) vs source snapshot (40.0%). Source is a point-in-time snapshot, computed is for year 2017-03. 

--- Entry 804 ---
Company:     INFY
Year:        2017-03
Metric:      ROE
Computed:    20.81
Source:      31.8
Difference:  10.99
Category:    version difference
Explanation: Computed ROE (20.81%) vs source snapshot (31.8%). Source is point-in-time, computed is for year 2017-03.

--- Entry 805 ---
Company:     IRFC
Year:        2013-03
Metric:      ROE
Computed:    8.16
Source:      13.7
Difference:  5.54
Category:    version difference
Explanation: Computed ROE (8.16%) vs source snapshot (13.7%). Source is point-in-time, computed is for year 2013-03.

--- Entry 806 ---
Company:     IRCTC
Year:        2024-03
Metric:      ROCE
Computed:    46.05
Source:      53.8
Difference:  7.75
Category:    formula discrepancy
Explanation: Computed ROCE (46.05%) vs source snapshot (53.8%). Source is a point-in-time snapshot, computed is for year 2024-03. 

--- Entry 807 ---
Company:     IRCTC
Year:        2024-03
Metric:      ROE
Computed:    34.4
Source:      40.4
Difference:  6.0
Category:    version difference
Explanation: Computed ROE (34.40%) vs source snapshot (40.4%). Source is point-in-time, computed is for year 2024-03.

--- Entry 808 ---
Company:     IRCTC
Year:        2022-03
Metric:      ROCE
Computed:    45.37
Source:      53.8
Difference:  8.43
Category:    formula discrepancy
Explanation: Computed ROCE (45.37%) vs source snapshot (53.8%). Source is a point-in-time snapshot, computed is for year 2022-03. 

--- Entry 809 ---
Company:     IRCTC
Year:        2022-03
Metric:      ROE
Computed:    35.29
Source:      40.4
Difference:  5.11
Category:    version difference
Explanation: Computed ROE (35.29%) vs source snapshot (40.4%). Source is point-in-time, computed is for year 2022-03.

--- Entry 810 ---
Company:     IRCTC
Year:        2021-03
Metric:      ROCE
Computed:    17.33
Source:      53.8
Difference:  36.47
Category:    formula discrepancy
Explanation: Computed ROCE (17.33%) vs source snapshot (53.8%). Source is a point-in-time snapshot, computed is for year 2021-03. 

--- Entry 811 ---
Company:     IRCTC
Year:        2021-03
Metric:      ROE
Computed:    12.84
Source:      40.4
Difference:  27.56
Category:    version difference
Explanation: Computed ROE (12.84%) vs source snapshot (40.4%). Source is point-in-time, computed is for year 2021-03.

--- Entry 812 ---
Company:     IRCTC
Year:        2019-03
Metric:      ROCE
Computed:    44.91
Source:      53.8
Difference:  8.89
Category:    formula discrepancy
Explanation: Computed ROCE (44.91%) vs source snapshot (53.8%). Source is a point-in-time snapshot, computed is for year 2019-03. 

--- Entry 813 ---
Company:     IRCTC
Year:        2019-03
Metric:      ROE
Computed:    28.85
Source:      40.4
Difference:  11.55
Category:    version difference
Explanation: Computed ROE (28.85%) vs source snapshot (40.4%). Source is point-in-time, computed is for year 2019-03.

--- Entry 814 ---
Company:     IRCTC
Year:        2018-03
Metric:      ROCE
Computed:    36.54
Source:      53.8
Difference:  17.26
Category:    formula discrepancy
Explanation: Computed ROCE (36.54%) vs source snapshot (53.8%). Source is a point-in-time snapshot, computed is for year 2018-03. 

--- Entry 815 ---
Company:     IRCTC
Year:        2018-03
Metric:      ROE
Computed:    23.14
Source:      40.4
Difference:  17.26
Category:    version difference
Explanation: Computed ROE (23.14%) vs source snapshot (40.4%). Source is point-in-time, computed is for year 2018-03.

--- Entry 816 ---
Company:     IRCTC
Year:        2017-03
Metric:      ROCE
Computed:    45.49
Source:      53.8
Difference:  8.31
Category:    formula discrepancy
Explanation: Computed ROCE (45.49%) vs source snapshot (53.8%). Source is a point-in-time snapshot, computed is for year 2017-03. 

--- Entry 817 ---
Company:     IRCTC
Year:        2017-03
Metric:      ROE
Computed:    29.1
Source:      40.4
Difference:  11.3
Category:    version difference
Explanation: Computed ROE (29.10%) vs source snapshot (40.4%). Source is point-in-time, computed is for year 2017-03.

--- Entry 818 ---
Company:     IRCTC
Year:        2016-03
Metric:      ROE
Computed:    34.87
Source:      40.4
Difference:  5.53
Category:    version difference
Explanation: Computed ROE (34.87%) vs source snapshot (40.4%). Source is point-in-time, computed is for year 2016-03.

--- Entry 819 ---
Company:     IRCTC
Year:        2015-03
Metric:      ROCE
Computed:    48.2
Source:      53.8
Difference:  5.6
Category:    formula discrepancy
Explanation: Computed ROCE (48.20%) vs source snapshot (53.8%). Source is a point-in-time snapshot, computed is for year 2015-03. 

--- Entry 820 ---
Company:     IRCTC
Year:        2015-03
Metric:      ROE
Computed:    29.5
Source:      40.4
Difference:  10.9
Category:    version difference
Explanation: Computed ROE (29.50%) vs source snapshot (40.4%). Source is point-in-time, computed is for year 2015-03.

--- Entry 821 ---
Company:     IOC
Year:        2023-03
Metric:      ROCE
Computed:    7.84
Source:      21.31
Difference:  13.47
Category:    formula discrepancy
Explanation: Computed ROCE (7.84%) vs source snapshot (21.31%). Source is a point-in-time snapshot, computed is for year 2023-03. 

--- Entry 822 ---
Company:     IOC
Year:        2023-03
Metric:      ROE
Computed:    8.38
Source:      25.44
Difference:  17.06
Category:    version difference
Explanation: Computed ROE (8.38%) vs source snapshot (25.44%). Source is point-in-time, computed is for year 2023-03.

--- Entry 823 ---
Company:     IOC
Year:        2022-03
Metric:      ROCE
Computed:    14.97
Source:      21.31
Difference:  6.34
Category:    formula discrepancy
Explanation: Computed ROCE (14.97%) vs source snapshot (21.31%). Source is a point-in-time snapshot, computed is for year 2022-03. 

--- Entry 824 ---
Company:     IOC
Year:        2022-03
Metric:      ROE
Computed:    19.27
Source:      25.44
Difference:  6.17
Category:    version difference
Explanation: Computed ROE (19.27%) vs source snapshot (25.44%). Source is point-in-time, computed is for year 2022-03.

--- Entry 825 ---
Company:     IOC
Year:        2021-03
Metric:      ROCE
Computed:    14.74
Source:      21.31
Difference:  6.57
Category:    formula discrepancy
Explanation: Computed ROCE (14.74%) vs source snapshot (21.31%). Source is a point-in-time snapshot, computed is for year 2021-03. 

--- Entry 826 ---
Company:     IOC
Year:        2021-03
Metric:      ROE
Computed:    19.46
Source:      25.44
Difference:  5.98
Category:    version difference
Explanation: Computed ROE (19.46%) vs source snapshot (25.44%). Source is point-in-time, computed is for year 2021-03.

--- Entry 827 ---
Company:     ITC
Year:        2018-03
Metric:      ROE
Computed:    21.89
Source:      29.47
Difference:  7.58
Category:    version difference
Explanation: Computed ROE (21.89%) vs source snapshot (29.47%). Source is point-in-time, computed is for year 2018-03.

--- Entry 828 ---
Company:     ITC
Year:        2017-03
Metric:      ROE
Computed:    22.57
Source:      29.47
Difference:  6.9
Category:    version difference
Explanation: Computed ROE (22.57%) vs source snapshot (29.47%). Source is point-in-time, computed is for year 2017-03.

--- Entry 829 ---
Company:     ITC
Year:        2016-03
Metric:      ROE
Computed:    22.26
Source:      29.47
Difference:  7.21
Category:    version difference
Explanation: Computed ROE (22.26%) vs source snapshot (29.47%). Source is point-in-time, computed is for year 2016-03.

--- Entry 830 ---
Company:     ITC
Year:        2015-03
Metric:      ROCE
Computed:    45.16
Source:      34.76
Difference:  10.4
Category:    formula discrepancy
Explanation: Computed ROCE (45.16%) vs source snapshot (34.76%). Source is a point-in-time snapshot, computed is for year 2015-03. 

--- Entry 831 ---
Company:     ITC
Year:        2014-03
Metric:      ROCE
Computed:    47.6
Source:      34.76
Difference:  12.84
Category:    formula discrepancy
Explanation: Computed ROCE (47.60%) vs source snapshot (34.76%). Source is a point-in-time snapshot, computed is for year 2014-03. 

--- Entry 832 ---
Company:     ITC
Year:        2013-03
Metric:      ROCE
Computed:    48.21
Source:      34.76
Difference:  13.45
Category:    formula discrepancy
Explanation: Computed ROCE (48.21%) vs source snapshot (34.76%). Source is a point-in-time snapshot, computed is for year 2013-03. 

--- Entry 833 ---
Company:     IRFC
Year:        2017-03
Metric:      ROE
Computed:    7.78
Source:      13.7
Difference:  5.92
Category:    version difference
Explanation: Computed ROE (7.78%) vs source snapshot (13.7%). Source is point-in-time, computed is for year 2017-03.

--- Entry 834 ---
Company:     IRFC
Year:        2016-03
Metric:      ROE
Computed:    7.37
Source:      13.7
Difference:  6.33
Category:    version difference
Explanation: Computed ROE (7.37%) vs source snapshot (13.7%). Source is point-in-time, computed is for year 2016-03.

--- Entry 835 ---
Company:     JINDALSTEL
Year:        2022-03
Metric:      ROCE
Computed:    23.57
Source:      13.2
Difference:  10.37
Category:    formula discrepancy
Explanation: Computed ROCE (23.57%) vs source snapshot (13.2%). Source is a point-in-time snapshot, computed is for year 2022-03. 

--- Entry 836 ---
Company:     JINDALSTEL
Year:        2020-03
Metric:      ROCE
Computed:    5.04
Source:      13.2
Difference:  8.16
Category:    formula discrepancy
Explanation: Computed ROCE (5.04%) vs source snapshot (13.2%). Source is a point-in-time snapshot, computed is for year 2020-03. 

--- Entry 837 ---
Company:     JINDALSTEL
Year:        2020-03
Metric:      ROE
Computed:    -1.24
Source:      14.1
Difference:  15.34
Category:    version difference
Explanation: Computed ROE (-1.24%) vs source snapshot (14.1%). Source is point-in-time, computed is for year 2020-03.

--- Entry 838 ---
Company:     JINDALSTEL
Year:        2019-03
Metric:      ROCE
Computed:    2.04
Source:      13.2
Difference:  11.16
Category:    formula discrepancy
Explanation: Computed ROCE (2.04%) vs source snapshot (13.2%). Source is a point-in-time snapshot, computed is for year 2019-03. 

--- Entry 839 ---
Company:     JINDALSTEL
Year:        2019-03
Metric:      ROE
Computed:    -7.52
Source:      14.1
Difference:  21.62
Category:    version difference
Explanation: Computed ROE (-7.52%) vs source snapshot (14.1%). Source is point-in-time, computed is for year 2019-03.

--- Entry 840 ---
Company:     JINDALSTEL
Year:        2018-03
Metric:      ROCE
Computed:    2.73
Source:      13.2
Difference:  10.47
Category:    formula discrepancy
Explanation: Computed ROCE (2.73%) vs source snapshot (13.2%). Source is a point-in-time snapshot, computed is for year 2018-03. 

--- Entry 841 ---
Company:     JINDALSTEL
Year:        2018-03
Metric:      ROE
Computed:    -5.32
Source:      14.1
Difference:  19.42
Category:    version difference
Explanation: Computed ROE (-5.32%) vs source snapshot (14.1%). Source is point-in-time, computed is for year 2018-03.

--- Entry 842 ---
Company:     JINDALSTEL
Year:        2017-03
Metric:      ROCE
Computed:    0.52
Source:      13.2
Difference:  12.68
Category:    formula discrepancy
Explanation: Computed ROCE (0.52%) vs source snapshot (13.2%). Source is a point-in-time snapshot, computed is for year 2017-03. 

--- Entry 843 ---
Company:     JINDALSTEL
Year:        2017-03
Metric:      ROE
Computed:    -8.45
Source:      14.1
Difference:  22.55
Category:    version difference
Explanation: Computed ROE (-8.45%) vs source snapshot (14.1%). Source is point-in-time, computed is for year 2017-03.

--- Entry 844 ---
Company:     JINDALSTEL
Year:        2016-03
Metric:      ROCE
Computed:    -0.9
Source:      13.2
Difference:  14.1
Category:    formula discrepancy
Explanation: Computed ROCE (-0.90%) vs source snapshot (13.2%). Source is a point-in-time snapshot, computed is for year 2016-03. 

--- Entry 845 ---
Company:     JINDALSTEL
Year:        2016-03
Metric:      ROE
Computed:    -9.52
Source:      14.1
Difference:  23.62
Category:    version difference
Explanation: Computed ROE (-9.52%) vs source snapshot (14.1%). Source is point-in-time, computed is for year 2016-03.

--- Entry 846 ---
Company:     JINDALSTEL
Year:        2015-03
Metric:      ROCE
Computed:    2.0
Source:      13.2
Difference:  11.2
Category:    formula discrepancy
Explanation: Computed ROCE (2.00%) vs source snapshot (13.2%). Source is a point-in-time snapshot, computed is for year 2015-03. 

--- Entry 847 ---
Company:     JINDALSTEL
Year:        2015-03
Metric:      ROE
Computed:    -6.9
Source:      14.1
Difference:  21.0
Category:    version difference
Explanation: Computed ROE (-6.90%) vs source snapshot (14.1%). Source is point-in-time, computed is for year 2015-03.

--- Entry 848 ---
Company:     JINDALSTEL
Year:        2014-03
Metric:      ROCE
Computed:    7.32
Source:      13.2
Difference:  5.88
Category:    formula discrepancy
Explanation: Computed ROCE (7.32%) vs source snapshot (13.2%). Source is a point-in-time snapshot, computed is for year 2014-03. 

--- Entry 849 ---
Company:     JINDALSTEL
Year:        2014-03
Metric:      ROE
Computed:    8.39
Source:      14.1
Difference:  5.71
Category:    version difference
Explanation: Computed ROE (8.39%) vs source snapshot (14.1%). Source is point-in-time, computed is for year 2014-03.

--- Entry 850 ---
Company:     ITC
Year:        2021-03
Metric:      ROCE
Computed:    29.69
Source:      34.76
Difference:  5.07
Category:    formula discrepancy
Explanation: Computed ROCE (29.69%) vs source snapshot (34.76%). Source is a point-in-time snapshot, computed is for year 2021-03. 

--- Entry 851 ---
Company:     ITC
Year:        2021-03
Metric:      ROE
Computed:    22.18
Source:      29.47
Difference:  7.29
Category:    version difference
Explanation: Computed ROE (22.18%) vs source snapshot (29.47%). Source is point-in-time, computed is for year 2021-03.

--- Entry 852 ---
Company:     ITC
Year:        2020-03
Metric:      ROE
Computed:    23.89
Source:      29.47
Difference:  5.58
Category:    version difference
Explanation: Computed ROE (23.89%) vs source snapshot (29.47%). Source is point-in-time, computed is for year 2020-03.

--- Entry 853 ---
Company:     ITC
Year:        2019-03
Metric:      ROE
Computed:    21.7
Source:      29.47
Difference:  7.77
Category:    version difference
Explanation: Computed ROE (21.70%) vs source snapshot (29.47%). Source is point-in-time, computed is for year 2019-03.

--- Entry 854 ---
Company:     JSWENERGY
Year:        2018-03
Metric:      ROE
Computed:    0.77
Source:      8.4
Difference:  7.63
Category:    version difference
Explanation: Computed ROE (0.77%) vs source snapshot (8.4%). Source is point-in-time, computed is for year 2018-03.

--- Entry 855 ---
Company:     JSWENERGY
Year:        2016-03
Metric:      ROCE
Computed:    14.31
Source:      8.59
Difference:  5.72
Category:    formula discrepancy
Explanation: Computed ROCE (14.31%) vs source snapshot (8.59%). Source is a point-in-time snapshot, computed is for year 2016-03. 

--- Entry 856 ---
Company:     JSWENERGY
Year:        2016-03
Metric:      ROE
Computed:    15.05
Source:      8.4
Difference:  6.65
Category:    version difference
Explanation: Computed ROE (15.05%) vs source snapshot (8.4%). Source is point-in-time, computed is for year 2016-03.

--- Entry 857 ---
Company:     JSWENERGY
Year:        2015-03
Metric:      ROCE
Computed:    18.02
Source:      8.59
Difference:  9.43
Category:    formula discrepancy
Explanation: Computed ROCE (18.02%) vs source snapshot (8.59%). Source is a point-in-time snapshot, computed is for year 2015-03. 

--- Entry 858 ---
Company:     JSWENERGY
Year:        2015-03
Metric:      ROE
Computed:    18.06
Source:      8.4
Difference:  9.66
Category:    version difference
Explanation: Computed ROE (18.06%) vs source snapshot (8.4%). Source is point-in-time, computed is for year 2015-03.

--- Entry 859 ---
Company:     JSWENERGY
Year:        2013-03
Metric:      ROE
Computed:    14.52
Source:      8.4
Difference:  6.12
Category:    version difference
Explanation: Computed ROE (14.52%) vs source snapshot (8.4%). Source is point-in-time, computed is for year 2013-03.

--- Entry 860 ---
Company:     JSWSTEEL
Year:        2023-03
Metric:      ROE
Computed:    6.3
Source:      11.66
Difference:  5.36
Category:    version difference
Explanation: Computed ROE (6.30%) vs source snapshot (11.66%). Source is point-in-time, computed is for year 2023-03.

--- Entry 861 ---
Company:     JSWSTEEL
Year:        2022-03
Metric:      ROCE
Computed:    24.88
Source:      13.36
Difference:  11.52
Category:    formula discrepancy
Explanation: Computed ROCE (24.88%) vs source snapshot (13.36%). Source is a point-in-time snapshot, computed is for year 2022-03. 

--- Entry 862 ---
Company:     JSWSTEEL
Year:        2022-03
Metric:      ROE
Computed:    31.11
Source:      11.66
Difference:  19.45
Category:    version difference
Explanation: Computed ROE (31.11%) vs source snapshot (11.66%). Source is point-in-time, computed is for year 2022-03.

--- Entry 863 ---
Company:     JSWSTEEL
Year:        2021-03
Metric:      ROE
Computed:    16.84
Source:      11.66
Difference:  5.18
Category:    version difference
Explanation: Computed ROE (16.84%) vs source snapshot (11.66%). Source is point-in-time, computed is for year 2021-03.

--- Entry 864 ---
Company:     JSWSTEEL
Year:        2020-03
Metric:      ROCE
Computed:    7.42
Source:      13.36
Difference:  5.94
Category:    formula discrepancy
Explanation: Computed ROCE (7.42%) vs source snapshot (13.36%). Source is a point-in-time snapshot, computed is for year 2020-03. 

--- Entry 865 ---
Company:     JSWSTEEL
Year:        2019-03
Metric:      ROE
Computed:    21.62
Source:      11.66
Difference:  9.96
Category:    version difference
Explanation: Computed ROE (21.62%) vs source snapshot (11.66%). Source is point-in-time, computed is for year 2019-03.

--- Entry 866 ---
Company:     JSWSTEEL
Year:        2018-03
Metric:      ROE
Computed:    21.83
Source:      11.66
Difference:  10.17
Category:    version difference
Explanation: Computed ROE (21.83%) vs source snapshot (11.66%). Source is point-in-time, computed is for year 2018-03.

--- Entry 867 ---
Company:     JSWSTEEL
Year:        2016-03
Metric:      ROCE
Computed:    1.85
Source:      13.36
Difference:  11.51
Category:    formula discrepancy
Explanation: Computed ROCE (1.85%) vs source snapshot (13.36%). Source is a point-in-time snapshot, computed is for year 2016-03. 

--- Entry 868 ---
Company:     JSWSTEEL
Year:        2016-03
Metric:      ROE
Computed:    -2.54
Source:      11.66
Difference:  14.2
Category:    version difference
Explanation: Computed ROE (-2.54%) vs source snapshot (11.66%). Source is point-in-time, computed is for year 2016-03.

--- Entry 869 ---
Company:     JSWSTEEL
Year:        2014-03
Metric:      ROCE
Computed:    7.68
Source:      13.36
Difference:  5.68
Category:    formula discrepancy
Explanation: Computed ROCE (7.68%) vs source snapshot (13.36%). Source is a point-in-time snapshot, computed is for year 2014-03. 

--- Entry 870 ---
Company:     JSWSTEEL
Year:        2014-03
Metric:      ROE
Computed:    1.9
Source:      11.66
Difference:  9.76
Category:    version difference
Explanation: Computed ROE (1.90%) vs source snapshot (11.66%). Source is point-in-time, computed is for year 2014-03.

--- Entry 871 ---
Company:     JSWSTEEL
Year:        2013-03
Metric:      ROE
Computed:    5.44
Source:      11.66
Difference:  6.22
Category:    version difference
Explanation: Computed ROE (5.44%) vs source snapshot (11.66%). Source is point-in-time, computed is for year 2013-03.

--- Entry 872 ---
Company:     LODHA
Year:        2012-03
Metric:      ROE
Computed:    33.84
Source:      10.7
Difference:  23.14
Category:    version difference
Explanation: Computed ROE (33.84%) vs source snapshot (10.7%). Source is point-in-time, computed is for year 2012-03.

--- Entry 873 ---
Company:     LODHA
Year:        2011-03
Metric:      ROE
Computed:    35.48
Source:      10.7
Difference:  24.78
Category:    version difference
Explanation: Computed ROE (35.48%) vs source snapshot (10.7%). Source is point-in-time, computed is for year 2011-03.

--- Entry 874 ---
Company:     LICI
Year:        2024-03
Metric:      ROCE
Computed:    56.97
Source:      63.79
Difference:  6.82
Category:    version difference
Explanation: Computed ROCE (56.97%) vs source snapshot (63.79%). Source is a point-in-time snapshot, computed is for year 2024-03. Financials sector — structural differences expected.

--- Entry 875 ---
Company:     LICI
Year:        2024-03
Metric:      ROE
Computed:    49.45
Source:      63.61
Difference:  14.16
Category:    version difference
Explanation: Computed ROE (49.45%) vs source snapshot (63.61%). Source is point-in-time, computed is for year 2024-03.

--- Entry 876 ---
Company:     LICI
Year:        2023-03
Metric:      ROCE
Computed:    89.85
Source:      63.79
Difference:  26.06
Category:    version difference
Explanation: Computed ROCE (89.85%) vs source snapshot (63.79%). Source is a point-in-time snapshot, computed is for year 2023-03. Financials sector — structural differences expected.

--- Entry 877 ---
Company:     LICI
Year:        2023-03
Metric:      ROE
Computed:    77.86
Source:      63.61
Difference:  14.25
Category:    version difference
Explanation: Computed ROE (77.86%) vs source snapshot (63.61%). Source is point-in-time, computed is for year 2023-03.

--- Entry 878 ---
Company:     LICI
Year:        2022-03
Metric:      ROCE
Computed:    107.05
Source:      63.79
Difference:  43.26
Category:    version difference
Explanation: Computed ROCE (107.05%) vs source snapshot (63.79%). Source is a point-in-time snapshot, computed is for year 2022-03. Financials sector — structural differences expected.

--- Entry 879 ---
Company:     LICI
Year:        2022-03
Metric:      ROE
Computed:    36.38
Source:      63.61
Difference:  27.23
Category:    version difference
Explanation: Computed ROE (36.38%) vs source snapshot (63.61%). Source is point-in-time, computed is for year 2022-03.

--- Entry 880 ---
Company:     LICI
Year:        2021-03
Metric:      ROCE
Computed:    176.41
Source:      63.79
Difference:  112.62
Category:    version difference
Explanation: Computed ROCE (176.41%) vs source snapshot (63.79%). Source is a point-in-time snapshot, computed is for year 2021-03. Financials sector — structural differences expected.

--- Entry 881 ---
Company:     LICI
Year:        2021-03
Metric:      ROE
Computed:    43.2
Source:      63.61
Difference:  20.41
Category:    version difference
Explanation: Computed ROE (43.20%) vs source snapshot (63.61%). Source is point-in-time, computed is for year 2021-03.

--- Entry 882 ---
Company:     LT
Year:        2018-03
Metric:      ROCE
Computed:    501.37
Source:      17.18
Difference:  484.19
Category:    formula discrepancy
Explanation: Computed ROCE (501.37%) vs source snapshot (17.18%). Source is a point-in-time snapshot, computed is for year 2018-03. 

--- Entry 883 ---
Company:     LT
Year:        2018-03
Metric:      ROE
Computed:    207.36
Source:      10.49
Difference:  196.87
Category:    version difference
Explanation: Computed ROE (207.36%) vs source snapshot (10.49%). Source is point-in-time, computed is for year 2018-03.

--- Entry 884 ---
Company:     LT
Year:        2017-03
Metric:      ROCE
Computed:    499.87
Source:      17.18
Difference:  482.69
Category:    formula discrepancy
Explanation: Computed ROCE (499.87%) vs source snapshot (17.18%). Source is a point-in-time snapshot, computed is for year 2017-03. 

--- Entry 885 ---
Company:     LT
Year:        2017-03
Metric:      ROE
Computed:    206.3
Source:      10.49
Difference:  195.81
Category:    version difference
Explanation: Computed ROE (206.30%) vs source snapshot (10.49%). Source is point-in-time, computed is for year 2017-03.

--- Entry 886 ---
Company:     LT
Year:        2016-03
Metric:      ROCE
Computed:    684.36
Source:      17.18
Difference:  667.18
Category:    formula discrepancy
Explanation: Computed ROCE (684.36%) vs source snapshot (17.18%). Source is a point-in-time snapshot, computed is for year 2016-03. 

--- Entry 887 ---
Company:     LT
Year:        2016-03
Metric:      ROE
Computed:    216.09
Source:      10.49
Difference:  205.6
Category:    version difference
Explanation: Computed ROE (216.09%) vs source snapshot (10.49%). Source is point-in-time, computed is for year 2016-03.

--- Entry 888 ---
Company:     LT
Year:        2015-03
Metric:      ROCE
Computed:    645.41
Source:      17.18
Difference:  628.23
Category:    formula discrepancy
Explanation: Computed ROCE (645.41%) vs source snapshot (17.18%). Source is a point-in-time snapshot, computed is for year 2015-03. 

--- Entry 889 ---
Company:     LT
Year:        2015-03
Metric:      ROE
Computed:    245.11
Source:      10.49
Difference:  234.62
Category:    version difference
Explanation: Computed ROE (245.11%) vs source snapshot (10.49%). Source is point-in-time, computed is for year 2015-03.

--- Entry 890 ---
Company:     LT
Year:        2014-03
Metric:      ROCE
Computed:    812.62
Source:      17.18
Difference:  795.44
Category:    formula discrepancy
Explanation: Computed ROCE (812.62%) vs source snapshot (17.18%). Source is a point-in-time snapshot, computed is for year 2014-03. 

--- Entry 891 ---
Company:     LT
Year:        2014-03
Metric:      ROE
Computed:    303.42
Source:      10.49
Difference:  292.93
Category:    version difference
Explanation: Computed ROE (303.42%) vs source snapshot (10.49%). Source is point-in-time, computed is for year 2014-03.

--- Entry 892 ---
Company:     LT
Year:        2013-03
Metric:      ROCE
Computed:    780.67
Source:      17.18
Difference:  763.49
Category:    formula discrepancy
Explanation: Computed ROCE (780.67%) vs source snapshot (17.18%). Source is a point-in-time snapshot, computed is for year 2013-03. 

--- Entry 893 ---
Company:     LT
Year:        2013-03
Metric:      ROE
Computed:    395.15
Source:      10.49
Difference:  384.66
Category:    version difference
Explanation: Computed ROE (395.15%) vs source snapshot (10.49%). Source is point-in-time, computed is for year 2013-03.

--- Entry 894 ---
Company:     LODHA
Year:        2023-03
Metric:      ROCE
Computed:    4.3
Source:      11.1
Difference:  6.8
Category:    formula discrepancy
Explanation: Computed ROCE (4.30%) vs source snapshot (11.1%). Source is a point-in-time snapshot, computed is for year 2023-03. 

--- Entry 895 ---
Company:     LODHA
Year:        2023-03
Metric:      ROE
Computed:    3.87
Source:      10.7
Difference:  6.83
Category:    version difference
Explanation: Computed ROE (3.87%) vs source snapshot (10.7%). Source is point-in-time, computed is for year 2023-03.

--- Entry 896 ---
Company:     LODHA
Year:        2021-03
Metric:      ROCE
Computed:    5.13
Source:      11.1
Difference:  5.97
Category:    formula discrepancy
Explanation: Computed ROCE (5.13%) vs source snapshot (11.1%). Source is a point-in-time snapshot, computed is for year 2021-03. 

--- Entry 897 ---
Company:     LODHA
Year:        2021-03
Metric:      ROE
Computed:    1.04
Source:      10.7
Difference:  9.66
Category:    version difference
Explanation: Computed ROE (1.04%) vs source snapshot (10.7%). Source is point-in-time, computed is for year 2021-03.

--- Entry 898 ---
Company:     LODHA
Year:        2020-03
Metric:      ROE
Computed:    16.3
Source:      10.7
Difference:  5.6
Category:    version difference
Explanation: Computed ROE (16.30%) vs source snapshot (10.7%). Source is point-in-time, computed is for year 2020-03.

--- Entry 899 ---
Company:     LODHA
Year:        2019-03
Metric:      ROE
Computed:    42.8
Source:      10.7
Difference:  32.1
Category:    version difference
Explanation: Computed ROE (42.80%) vs source snapshot (10.7%). Source is point-in-time, computed is for year 2019-03.

--- Entry 900 ---
Company:     LODHA
Year:        2018-03
Metric:      ROCE
Computed:    5.66
Source:      11.1
Difference:  5.44
Category:    formula discrepancy
Explanation: Computed ROCE (5.66%) vs source snapshot (11.1%). Source is a point-in-time snapshot, computed is for year 2018-03. 

--- Entry 901 ---
Company:     LODHA
Year:        2016-03
Metric:      ROE
Computed:    17.69
Source:      10.7
Difference:  6.99
Category:    version difference
Explanation: Computed ROE (17.69%) vs source snapshot (10.7%). Source is point-in-time, computed is for year 2016-03.

--- Entry 902 ---
Company:     LODHA
Year:        2015-03
Metric:      ROE
Computed:    24.23
Source:      10.7
Difference:  13.53
Category:    version difference
Explanation: Computed ROE (24.23%) vs source snapshot (10.7%). Source is point-in-time, computed is for year 2015-03.

--- Entry 903 ---
Company:     LTIM
Year:        2019-03
Metric:      ROCE
Computed:    41.67
Source:      34.1
Difference:  7.57
Category:    formula discrepancy
Explanation: Computed ROCE (41.67%) vs source snapshot (34.1%). Source is a point-in-time snapshot, computed is for year 2019-03. 

--- Entry 904 ---
Company:     LTIM
Year:        2017-03
Metric:      ROCE
Computed:    39.41
Source:      34.1
Difference:  5.31
Category:    formula discrepancy
Explanation: Computed ROCE (39.41%) vs source snapshot (34.1%). Source is a point-in-time snapshot, computed is for year 2017-03. 

--- Entry 905 ---
Company:     LTIM
Year:        2016-03
Metric:      ROCE
Computed:    47.75
Source:      34.1
Difference:  13.65
Category:    formula discrepancy
Explanation: Computed ROCE (47.75%) vs source snapshot (34.1%). Source is a point-in-time snapshot, computed is for year 2016-03. 

--- Entry 906 ---
Company:     LTIM
Year:        2016-03
Metric:      ROE
Computed:    39.34
Source:      26.04
Difference:  13.3
Category:    version difference
Explanation: Computed ROE (39.34%) vs source snapshot (26.04%). Source is point-in-time, computed is for year 2016-03.

--- Entry 907 ---
Company:     LTIM
Year:        2015-03
Metric:      ROCE
Computed:    42.16
Source:      34.1
Difference:  8.06
Category:    formula discrepancy
Explanation: Computed ROCE (42.16%) vs source snapshot (34.1%). Source is a point-in-time snapshot, computed is for year 2015-03. 

--- Entry 908 ---
Company:     LTIM
Year:        2015-03
Metric:      ROE
Computed:    37.96
Source:      26.04
Difference:  11.92
Category:    version difference
Explanation: Computed ROE (37.96%) vs source snapshot (26.04%). Source is point-in-time, computed is for year 2015-03.

--- Entry 909 ---
Company:     LTIM
Year:        2014-03
Metric:      ROCE
Computed:    71.8
Source:      34.1
Difference:  37.7
Category:    formula discrepancy
Explanation: Computed ROCE (71.80%) vs source snapshot (34.1%). Source is a point-in-time snapshot, computed is for year 2014-03. 

--- Entry 910 ---
Company:     LTIM
Year:        2014-03
Metric:      ROE
Computed:    61.86
Source:      26.04
Difference:  35.82
Category:    version difference
Explanation: Computed ROE (61.86%) vs source snapshot (26.04%). Source is point-in-time, computed is for year 2014-03.

--- Entry 911 ---
Company:     LTIM
Year:        2013-03
Metric:      ROCE
Computed:    48.95
Source:      34.1
Difference:  14.85
Category:    formula discrepancy
Explanation: Computed ROCE (48.95%) vs source snapshot (34.1%). Source is a point-in-time snapshot, computed is for year 2013-03. 

--- Entry 912 ---
Company:     LTIM
Year:        2013-03
Metric:      ROE
Computed:    41.97
Source:      26.04
Difference:  15.93
Category:    version difference
Explanation: Computed ROE (41.97%) vs source snapshot (26.04%). Source is point-in-time, computed is for year 2013-03.

--- Entry 913 ---
Company:     LT
Year:        2024-03
Metric:      ROCE
Computed:    135.95
Source:      17.18
Difference:  118.77
Category:    formula discrepancy
Explanation: Computed ROCE (135.95%) vs source snapshot (17.18%). Source is a point-in-time snapshot, computed is for year 2024-03. 

--- Entry 914 ---
Company:     LT
Year:        2024-03
Metric:      ROE
Computed:    77.67
Source:      10.49
Difference:  67.18
Category:    version difference
Explanation: Computed ROE (77.67%) vs source snapshot (10.49%). Source is point-in-time, computed is for year 2024-03.

--- Entry 915 ---
Company:     LT
Year:        2023-03
Metric:      ROCE
Computed:    146.44
Source:      17.18
Difference:  129.26
Category:    formula discrepancy
Explanation: Computed ROCE (146.44%) vs source snapshot (17.18%). Source is a point-in-time snapshot, computed is for year 2023-03. 

--- Entry 916 ---
Company:     LT
Year:        2023-03
Metric:      ROE
Computed:    75.52
Source:      10.49
Difference:  65.03
Category:    version difference
Explanation: Computed ROE (75.52%) vs source snapshot (10.49%). Source is point-in-time, computed is for year 2023-03.

--- Entry 917 ---
Company:     LT
Year:        2022-03
Metric:      ROCE
Computed:    163.14
Source:      17.18
Difference:  145.96
Category:    formula discrepancy
Explanation: Computed ROCE (163.14%) vs source snapshot (17.18%). Source is a point-in-time snapshot, computed is for year 2022-03. 

--- Entry 918 ---
Company:     LT
Year:        2022-03
Metric:      ROE
Computed:    72.92
Source:      10.49
Difference:  62.43
Category:    version difference
Explanation: Computed ROE (72.92%) vs source snapshot (10.49%). Source is point-in-time, computed is for year 2022-03.

--- Entry 919 ---
Company:     LT
Year:        2021-03
Metric:      ROCE
Computed:    353.84
Source:      17.18
Difference:  336.66
Category:    formula discrepancy
Explanation: Computed ROCE (353.84%) vs source snapshot (17.18%). Source is a point-in-time snapshot, computed is for year 2021-03. 

--- Entry 920 ---
Company:     LT
Year:        2021-03
Metric:      ROE
Computed:    176.9
Source:      10.49
Difference:  166.41
Category:    version difference
Explanation: Computed ROE (176.90%) vs source snapshot (10.49%). Source is point-in-time, computed is for year 2021-03.

--- Entry 921 ---
Company:     LT
Year:        2020-03
Metric:      ROCE
Computed:    397.51
Source:      17.18
Difference:  380.33
Category:    formula discrepancy
Explanation: Computed ROCE (397.51%) vs source snapshot (17.18%). Source is a point-in-time snapshot, computed is for year 2020-03. 

--- Entry 922 ---
Company:     LT
Year:        2020-03
Metric:      ROE
Computed:    201.59
Source:      10.49
Difference:  191.1
Category:    version difference
Explanation: Computed ROE (201.59%) vs source snapshot (10.49%). Source is point-in-time, computed is for year 2020-03.

--- Entry 923 ---
Company:     LT
Year:        2019-03
Metric:      ROCE
Computed:    483.22
Source:      17.18
Difference:  466.04
Category:    formula discrepancy
Explanation: Computed ROCE (483.22%) vs source snapshot (17.18%). Source is a point-in-time snapshot, computed is for year 2019-03. 

--- Entry 924 ---
Company:     LT
Year:        2019-03
Metric:      ROE
Computed:    208.81
Source:      10.49
Difference:  198.32
Category:    version difference
Explanation: Computed ROE (208.81%) vs source snapshot (10.49%). Source is point-in-time, computed is for year 2019-03.

--- Entry 925 ---
Company:     MARUTI
Year:        2014-03
Metric:      ROCE
Computed:    16.67
Source:      23.67
Difference:  7.0
Category:    formula discrepancy
Explanation: Computed ROCE (16.67%) vs source snapshot (23.67%). Source is a point-in-time snapshot, computed is for year 2014-03. 

--- Entry 926 ---
Company:     MARUTI
Year:        2013-03
Metric:      ROCE
Computed:    15.87
Source:      23.67
Difference:  7.8
Category:    formula discrepancy
Explanation: Computed ROCE (15.87%) vs source snapshot (23.67%). Source is a point-in-time snapshot, computed is for year 2013-03. 

--- Entry 927 ---
Company:     M&M
Year:        2024-03
Metric:      ROCE
Computed:    13.42
Source:      26.98
Difference:  13.56
Category:    formula discrepancy
Explanation: Computed ROCE (13.42%) vs source snapshot (26.98%). Source is a point-in-time snapshot, computed is for year 2024-03. 

--- Entry 928 ---
Company:     M&M
Year:        2023-03
Metric:      ROCE
Computed:    13.38
Source:      26.98
Difference:  13.6
Category:    formula discrepancy
Explanation: Computed ROCE (13.38%) vs source snapshot (26.98%). Source is a point-in-time snapshot, computed is for year 2023-03. 

--- Entry 929 ---
Company:     M&M
Year:        2022-03
Metric:      ROCE
Computed:    11.53
Source:      26.98
Difference:  15.45
Category:    formula discrepancy
Explanation: Computed ROCE (11.53%) vs source snapshot (26.98%). Source is a point-in-time snapshot, computed is for year 2022-03. 

--- Entry 930 ---
Company:     M&M
Year:        2021-03
Metric:      ROCE
Computed:    7.58
Source:      26.98
Difference:  19.4
Category:    formula discrepancy
Explanation: Computed ROCE (7.58%) vs source snapshot (26.98%). Source is a point-in-time snapshot, computed is for year 2021-03. 

--- Entry 931 ---
Company:     M&M
Year:        2021-03
Metric:      ROE
Computed:    3.64
Source:      17.99
Difference:  14.35
Category:    version difference
Explanation: Computed ROE (3.64%) vs source snapshot (17.99%). Source is point-in-time, computed is for year 2021-03.

--- Entry 932 ---
Company:     M&M
Year:        2020-03
Metric:      ROCE
Computed:    6.29
Source:      26.98
Difference:  20.69
Category:    formula discrepancy
Explanation: Computed ROCE (6.29%) vs source snapshot (26.98%). Source is a point-in-time snapshot, computed is for year 2020-03. 

--- Entry 933 ---
Company:     M&M
Year:        2020-03
Metric:      ROE
Computed:    -0.8
Source:      17.99
Difference:  18.79
Category:    version difference
Explanation: Computed ROE (-0.80%) vs source snapshot (17.99%). Source is point-in-time, computed is for year 2020-03.

--- Entry 934 ---
Company:     M&M
Year:        2019-03
Metric:      ROCE
Computed:    12.53
Source:      26.98
Difference:  14.45
Category:    formula discrepancy
Explanation: Computed ROCE (12.53%) vs source snapshot (26.98%). Source is a point-in-time snapshot, computed is for year 2019-03. 

--- Entry 935 ---
Company:     M&M
Year:        2018-03
Metric:      ROCE
Computed:    15.44
Source:      26.98
Difference:  11.54
Category:    formula discrepancy
Explanation: Computed ROCE (15.44%) vs source snapshot (26.98%). Source is a point-in-time snapshot, computed is for year 2018-03. 

--- Entry 936 ---
Company:     M&M
Year:        2017-03
Metric:      ROCE
Computed:    12.73
Source:      26.98
Difference:  14.25
Category:    formula discrepancy
Explanation: Computed ROCE (12.73%) vs source snapshot (26.98%). Source is a point-in-time snapshot, computed is for year 2017-03. 

--- Entry 937 ---
Company:     M&M
Year:        2016-03
Metric:      ROCE
Computed:    13.29
Source:      26.98
Difference:  13.69
Category:    formula discrepancy
Explanation: Computed ROCE (13.29%) vs source snapshot (26.98%). Source is a point-in-time snapshot, computed is for year 2016-03. 

--- Entry 938 ---
Company:     M&M
Year:        2015-03
Metric:      ROCE
Computed:    11.71
Source:      26.98
Difference:  15.27
Category:    formula discrepancy
Explanation: Computed ROCE (11.71%) vs source snapshot (26.98%). Source is a point-in-time snapshot, computed is for year 2015-03. 

--- Entry 939 ---
Company:     M&M
Year:        2014-03
Metric:      ROCE
Computed:    15.0
Source:      26.98
Difference:  11.98
Category:    formula discrepancy
Explanation: Computed ROCE (15.00%) vs source snapshot (26.98%). Source is a point-in-time snapshot, computed is for year 2014-03. 

--- Entry 940 ---
Company:     M&M
Year:        2013-03
Metric:      ROCE
Computed:    16.18
Source:      26.98
Difference:  10.8
Category:    formula discrepancy
Explanation: Computed ROCE (16.18%) vs source snapshot (26.98%). Source is a point-in-time snapshot, computed is for year 2013-03. 

--- Entry 941 ---
Company:     LTIM
Year:        2024-03
Metric:      ROCE
Computed:    28.39
Source:      34.1
Difference:  5.71
Category:    formula discrepancy
Explanation: Computed ROCE (28.39%) vs source snapshot (34.1%). Source is a point-in-time snapshot, computed is for year 2024-03. 

--- Entry 942 ---
Company:     MOTHERSON
Year:        2018-03
Metric:      ROE
Computed:    22.87
Source:      11.8
Difference:  11.07
Category:    version difference
Explanation: Computed ROE (22.87%) vs source snapshot (11.8%). Source is point-in-time, computed is for year 2018-03.

--- Entry 943 ---
Company:     MOTHERSON
Year:        2017-03
Metric:      ROE
Computed:    26.26
Source:      11.8
Difference:  14.46
Category:    version difference
Explanation: Computed ROE (26.26%) vs source snapshot (11.8%). Source is point-in-time, computed is for year 2017-03.

--- Entry 944 ---
Company:     MOTHERSON
Year:        2016-03
Metric:      ROCE
Computed:    25.21
Source:      13.7
Difference:  11.51
Category:    formula discrepancy
Explanation: Computed ROCE (25.21%) vs source snapshot (13.7%). Source is a point-in-time snapshot, computed is for year 2016-03. 

--- Entry 945 ---
Company:     MOTHERSON
Year:        2016-03
Metric:      ROE
Computed:    40.35
Source:      11.8
Difference:  28.55
Category:    version difference
Explanation: Computed ROE (40.35%) vs source snapshot (11.8%). Source is point-in-time, computed is for year 2016-03.

--- Entry 946 ---
Company:     MOTHERSON
Year:        2015-03
Metric:      ROCE
Computed:    25.25
Source:      13.7
Difference:  11.55
Category:    formula discrepancy
Explanation: Computed ROCE (25.25%) vs source snapshot (13.7%). Source is a point-in-time snapshot, computed is for year 2015-03. 

--- Entry 947 ---
Company:     MOTHERSON
Year:        2015-03
Metric:      ROE
Computed:    38.87
Source:      11.8
Difference:  27.07
Category:    version difference
Explanation: Computed ROE (38.87%) vs source snapshot (11.8%). Source is point-in-time, computed is for year 2015-03.

--- Entry 948 ---
Company:     MOTHERSON
Year:        2014-03
Metric:      ROCE
Computed:    24.23
Source:      13.7
Difference:  10.53
Category:    formula discrepancy
Explanation: Computed ROCE (24.23%) vs source snapshot (13.7%). Source is a point-in-time snapshot, computed is for year 2014-03. 

--- Entry 949 ---
Company:     MOTHERSON
Year:        2014-03
Metric:      ROE
Computed:    37.07
Source:      11.8
Difference:  25.27
Category:    version difference
Explanation: Computed ROE (37.07%) vs source snapshot (11.8%). Source is point-in-time, computed is for year 2014-03.

--- Entry 950 ---
Company:     MOTHERSON
Year:        2013-03
Metric:      ROE
Computed:    19.75
Source:      11.8
Difference:  7.95
Category:    version difference
Explanation: Computed ROE (19.75%) vs source snapshot (11.8%). Source is point-in-time, computed is for year 2013-03.

--- Entry 951 ---
Company:     MARUTI
Year:        2023-03
Metric:      ROCE
Computed:    14.09
Source:      23.67
Difference:  9.58
Category:    formula discrepancy
Explanation: Computed ROCE (14.09%) vs source snapshot (23.67%). Source is a point-in-time snapshot, computed is for year 2023-03. 

--- Entry 952 ---
Company:     MARUTI
Year:        2022-03
Metric:      ROCE
Computed:    8.65
Source:      23.67
Difference:  15.02
Category:    formula discrepancy
Explanation: Computed ROCE (8.65%) vs source snapshot (23.67%). Source is a point-in-time snapshot, computed is for year 2022-03. 

--- Entry 953 ---
Company:     MARUTI
Year:        2022-03
Metric:      ROE
Computed:    7.01
Source:      15.75
Difference:  8.74
Category:    version difference
Explanation: Computed ROE (7.01%) vs source snapshot (15.75%). Source is point-in-time, computed is for year 2022-03.

--- Entry 954 ---
Company:     MARUTI
Year:        2021-03
Metric:      ROCE
Computed:    10.22
Source:      23.67
Difference:  13.45
Category:    formula discrepancy
Explanation: Computed ROCE (10.22%) vs source snapshot (23.67%). Source is a point-in-time snapshot, computed is for year 2021-03. 

--- Entry 955 ---
Company:     MARUTI
Year:        2021-03
Metric:      ROE
Computed:    8.36
Source:      15.75
Difference:  7.39
Category:    version difference
Explanation: Computed ROE (8.36%) vs source snapshot (15.75%). Source is point-in-time, computed is for year 2021-03.

--- Entry 956 ---
Company:     MARUTI
Year:        2020-03
Metric:      ROCE
Computed:    14.59
Source:      23.67
Difference:  9.08
Category:    formula discrepancy
Explanation: Computed ROCE (14.59%) vs source snapshot (23.67%). Source is a point-in-time snapshot, computed is for year 2020-03. 

--- Entry 957 ---
Company:     NAUKRI
Year:        2022-03
Metric:      ROCE
Computed:    82.12
Source:      3.65
Difference:  78.47
Category:    formula discrepancy
Explanation: Computed ROCE (82.12%) vs source snapshot (3.65%). Source is a point-in-time snapshot, computed is for year 2022-03. 

--- Entry 958 ---
Company:     NAUKRI
Year:        2022-03
Metric:      ROE
Computed:    74.71
Source:      2.44
Difference:  72.27
Category:    version difference
Explanation: Computed ROE (74.71%) vs source snapshot (2.44%). Source is point-in-time, computed is for year 2022-03.

--- Entry 959 ---
Company:     NAUKRI
Year:        2021-03
Metric:      ROCE
Computed:    29.54
Source:      3.65
Difference:  25.89
Category:    formula discrepancy
Explanation: Computed ROCE (29.54%) vs source snapshot (3.65%). Source is a point-in-time snapshot, computed is for year 2021-03. 

--- Entry 960 ---
Company:     NAUKRI
Year:        2021-03
Metric:      ROE
Computed:    26.28
Source:      2.44
Difference:  23.84
Category:    version difference
Explanation: Computed ROE (26.28%) vs source snapshot (2.44%). Source is point-in-time, computed is for year 2021-03.

--- Entry 961 ---
Company:     NAUKRI
Year:        2020-03
Metric:      ROCE
Computed:    -4.93
Source:      3.65
Difference:  8.58
Category:    formula discrepancy
Explanation: Computed ROCE (-4.93%) vs source snapshot (3.65%). Source is a point-in-time snapshot, computed is for year 2020-03. 

--- Entry 962 ---
Company:     NAUKRI
Year:        2020-03
Metric:      ROE
Computed:    -11.21
Source:      2.44
Difference:  13.65
Category:    version difference
Explanation: Computed ROE (-11.21%) vs source snapshot (2.44%). Source is point-in-time, computed is for year 2020-03.

--- Entry 963 ---
Company:     NAUKRI
Year:        2019-03
Metric:      ROCE
Computed:    28.42
Source:      3.65
Difference:  24.77
Category:    formula discrepancy
Explanation: Computed ROCE (28.42%) vs source snapshot (3.65%). Source is a point-in-time snapshot, computed is for year 2019-03. 

--- Entry 964 ---
Company:     NAUKRI
Year:        2019-03
Metric:      ROE
Computed:    23.28
Source:      2.44
Difference:  20.84
Category:    version difference
Explanation: Computed ROE (23.28%) vs source snapshot (2.44%). Source is point-in-time, computed is for year 2019-03.

--- Entry 965 ---
Company:     NAUKRI
Year:        2018-03
Metric:      ROCE
Computed:    28.84
Source:      3.65
Difference:  25.19
Category:    formula discrepancy
Explanation: Computed ROCE (28.84%) vs source snapshot (3.65%). Source is a point-in-time snapshot, computed is for year 2018-03. 

--- Entry 966 ---
Company:     NAUKRI
Year:        2018-03
Metric:      ROE
Computed:    24.5
Source:      2.44
Difference:  22.06
Category:    version difference
Explanation: Computed ROE (24.50%) vs source snapshot (2.44%). Source is point-in-time, computed is for year 2018-03.

--- Entry 967 ---
Company:     NAUKRI
Year:        2017-03
Metric:      ROE
Computed:    -2.7
Source:      2.44
Difference:  5.14
Category:    version difference
Explanation: Computed ROE (-2.70%) vs source snapshot (2.44%). Source is point-in-time, computed is for year 2017-03.

--- Entry 968 ---
Company:     NAUKRI
Year:        2016-03
Metric:      ROCE
Computed:    11.53
Source:      3.65
Difference:  7.88
Category:    formula discrepancy
Explanation: Computed ROCE (11.53%) vs source snapshot (3.65%). Source is a point-in-time snapshot, computed is for year 2016-03. 

--- Entry 969 ---
Company:     NAUKRI
Year:        2016-03
Metric:      ROE
Computed:    7.65
Source:      2.44
Difference:  5.21
Category:    version difference
Explanation: Computed ROE (7.65%) vs source snapshot (2.44%). Source is point-in-time, computed is for year 2016-03.

--- Entry 970 ---
Company:     NAUKRI
Year:        2014-03
Metric:      ROCE
Computed:    18.28
Source:      3.65
Difference:  14.63
Category:    formula discrepancy
Explanation: Computed ROCE (18.28%) vs source snapshot (3.65%). Source is a point-in-time snapshot, computed is for year 2014-03. 

--- Entry 971 ---
Company:     NAUKRI
Year:        2014-03
Metric:      ROE
Computed:    8.93
Source:      2.44
Difference:  6.49
Category:    version difference
Explanation: Computed ROE (8.93%) vs source snapshot (2.44%). Source is point-in-time, computed is for year 2014-03.

--- Entry 972 ---
Company:     NAUKRI
Year:        2013-03
Metric:      ROCE
Computed:    21.84
Source:      3.65
Difference:  18.19
Category:    formula discrepancy
Explanation: Computed ROCE (21.84%) vs source snapshot (3.65%). Source is a point-in-time snapshot, computed is for year 2013-03. 

--- Entry 973 ---
Company:     NAUKRI
Year:        2013-03
Metric:      ROE
Computed:    12.5
Source:      2.44
Difference:  10.06
Category:    version difference
Explanation: Computed ROE (12.50%) vs source snapshot (2.44%). Source is point-in-time, computed is for year 2013-03.

--- Entry 974 ---
Company:     MOTHERSON
Year:        2022-03
Metric:      ROCE
Computed:    6.71
Source:      13.7
Difference:  6.99
Category:    formula discrepancy
Explanation: Computed ROCE (6.71%) vs source snapshot (13.7%). Source is a point-in-time snapshot, computed is for year 2022-03. 

--- Entry 975 ---
Company:     MOTHERSON
Year:        2022-03
Metric:      ROE
Computed:    5.74
Source:      11.8
Difference:  6.06
Category:    version difference
Explanation: Computed ROE (5.74%) vs source snapshot (11.8%). Source is point-in-time, computed is for year 2022-03.

--- Entry 976 ---
Company:     MOTHERSON
Year:        2021-03
Metric:      ROCE
Computed:    8.22
Source:      13.7
Difference:  5.48
Category:    formula discrepancy
Explanation: Computed ROCE (8.22%) vs source snapshot (13.7%). Source is a point-in-time snapshot, computed is for year 2021-03. 

--- Entry 977 ---
Company:     MOTHERSON
Year:        2019-03
Metric:      ROE
Computed:    19.14
Source:      11.8
Difference:  7.34
Category:    version difference
Explanation: Computed ROE (19.14%) vs source snapshot (11.8%). Source is point-in-time, computed is for year 2019-03.

--- Entry 978 ---
Company:     NESTLEIND
Year:        2024-03
Metric:      ROCE
Computed:    147.46
Source:      185.43
Difference:  37.97
Category:    formula discrepancy
Explanation: Computed ROCE (147.46%) vs source snapshot (185.43%). Source is a point-in-time snapshot, computed is for year 2024-03. 

--- Entry 979 ---
Company:     NESTLEIND
Year:        2024-03
Metric:      ROE
Computed:    117.75
Source:      135.61
Difference:  17.86
Category:    version difference
Explanation: Computed ROE (117.75%) vs source snapshot (135.61%). Source is point-in-time, computed is for year 2024-03.

--- Entry 980 ---
Company:     NESTLEIND
Year:        2023-12
Metric:      ROCE
Computed:    152.27
Source:      185.43
Difference:  33.16
Category:    formula discrepancy
Explanation: Computed ROCE (152.27%) vs source snapshot (185.43%). Source is a point-in-time snapshot, computed is for year 2023-12. 

--- Entry 981 ---
Company:     NESTLEIND
Year:        2023-12
Metric:      ROE
Computed:    121.96
Source:      135.61
Difference:  13.65
Category:    version difference
Explanation: Computed ROE (121.96%) vs source snapshot (135.61%). Source is point-in-time, computed is for year 2023-12.

--- Entry 982 ---
Company:     NESTLEIND
Year:        2022-12
Metric:      ROCE
Computed:    124.95
Source:      185.43
Difference:  60.48
Category:    formula discrepancy
Explanation: Computed ROCE (124.95%) vs source snapshot (185.43%). Source is a point-in-time snapshot, computed is for year 2022-12. 

--- Entry 983 ---
Company:     NESTLEIND
Year:        2022-12
Metric:      ROE
Computed:    97.23
Source:      135.61
Difference:  38.38
Category:    version difference
Explanation: Computed ROE (97.23%) vs source snapshot (135.61%). Source is point-in-time, computed is for year 2022-12.

--- Entry 984 ---
Company:     NESTLEIND
Year:        2021-12
Metric:      ROCE
Computed:    138.29
Source:      185.43
Difference:  47.14
Category:    formula discrepancy
Explanation: Computed ROCE (138.29%) vs source snapshot (185.43%). Source is a point-in-time snapshot, computed is for year 2021-12. 

--- Entry 985 ---
Company:     NESTLEIND
Year:        2021-12
Metric:      ROE
Computed:    108.84
Source:      135.61
Difference:  26.77
Category:    version difference
Explanation: Computed ROE (108.84%) vs source snapshot (135.61%). Source is point-in-time, computed is for year 2021-12.

--- Entry 986 ---
Company:     NESTLEIND
Year:        2020-12
Metric:      ROCE
Computed:    137.44
Source:      185.43
Difference:  47.99
Category:    formula discrepancy
Explanation: Computed ROCE (137.44%) vs source snapshot (185.43%). Source is a point-in-time snapshot, computed is for year 2020-12. 

--- Entry 987 ---
Company:     NESTLEIND
Year:        2020-12
Metric:      ROE
Computed:    103.12
Source:      135.61
Difference:  32.49
Category:    version difference
Explanation: Computed ROE (103.12%) vs source snapshot (135.61%). Source is point-in-time, computed is for year 2020-12.

--- Entry 988 ---
Company:     NESTLEIND
Year:        2019-12
Metric:      ROCE
Computed:    132.99
Source:      185.43
Difference:  52.44
Category:    formula discrepancy
Explanation: Computed ROCE (132.99%) vs source snapshot (185.43%). Source is a point-in-time snapshot, computed is for year 2019-12. 

--- Entry 989 ---
Company:     NESTLEIND
Year:        2019-12
Metric:      ROE
Computed:    102.61
Source:      135.61
Difference:  33.0
Category:    version difference
Explanation: Computed ROE (102.61%) vs source snapshot (135.61%). Source is point-in-time, computed is for year 2019-12.

--- Entry 990 ---
Company:     NESTLEIND
Year:        2018-12
Metric:      ROCE
Computed:    68.53
Source:      185.43
Difference:  116.9
Category:    formula discrepancy
Explanation: Computed ROCE (68.53%) vs source snapshot (185.43%). Source is a point-in-time snapshot, computed is for year 2018-12. 

--- Entry 991 ---
Company:     NESTLEIND
Year:        2018-12
Metric:      ROE
Computed:    43.75
Source:      135.61
Difference:  91.86
Category:    version difference
Explanation: Computed ROE (43.75%) vs source snapshot (135.61%). Source is point-in-time, computed is for year 2018-12.

--- Entry 992 ---
Company:     NESTLEIND
Year:        2017-12
Metric:      ROCE
Computed:    55.89
Source:      185.43
Difference:  129.54
Category:    formula discrepancy
Explanation: Computed ROCE (55.89%) vs source snapshot (185.43%). Source is a point-in-time snapshot, computed is for year 2017-12. 

--- Entry 993 ---
Company:     NESTLEIND
Year:        2017-12
Metric:      ROE
Computed:    35.82
Source:      135.61
Difference:  99.79
Category:    version difference
Explanation: Computed ROE (35.82%) vs source snapshot (135.61%). Source is point-in-time, computed is for year 2017-12.

--- Entry 994 ---
Company:     NESTLEIND
Year:        2016-12
Metric:      ROCE
Computed:    49.35
Source:      185.43
Difference:  136.08
Category:    formula discrepancy
Explanation: Computed ROCE (49.35%) vs source snapshot (185.43%). Source is a point-in-time snapshot, computed is for year 2016-12. 

--- Entry 995 ---
Company:     NESTLEIND
Year:        2016-12
Metric:      ROE
Computed:    30.5
Source:      135.61
Difference:  105.11
Category:    version difference
Explanation: Computed ROE (30.50%) vs source snapshot (135.61%). Source is point-in-time, computed is for year 2016-12.

--- Entry 996 ---
Company:     NESTLEIND
Year:        2015-12
Metric:      ROCE
Computed:    28.82
Source:      185.43
Difference:  156.61
Category:    formula discrepancy
Explanation: Computed ROCE (28.82%) vs source snapshot (185.43%). Source is a point-in-time snapshot, computed is for year 2015-12. 

--- Entry 997 ---
Company:     NESTLEIND
Year:        2015-12
Metric:      ROE
Computed:    19.99
Source:      135.61
Difference:  115.62
Category:    version difference
Explanation: Computed ROE (19.99%) vs source snapshot (135.61%). Source is point-in-time, computed is for year 2015-12.

--- Entry 998 ---
Company:     NESTLEIND
Year:        2014-12
Metric:      ROCE
Computed:    62.58
Source:      185.43
Difference:  122.85
Category:    formula discrepancy
Explanation: Computed ROCE (62.58%) vs source snapshot (185.43%). Source is a point-in-time snapshot, computed is for year 2014-12. 

--- Entry 999 ---
Company:     NESTLEIND
Year:        2014-12
Metric:      ROE
Computed:    41.77
Source:      135.61
Difference:  93.84
Category:    version difference
Explanation: Computed ROE (41.77%) vs source snapshot (135.61%). Source is point-in-time, computed is for year 2014-12.

--- Entry 1000 ---
Company:     NESTLEIND
Year:        2013-12
Metric:      ROCE
Computed:    48.21
Source:      185.43
Difference:  137.22
Category:    formula discrepancy
Explanation: Computed ROCE (48.21%) vs source snapshot (185.43%). Source is a point-in-time snapshot, computed is for year 2013-12. 

--- Entry 1001 ---
Company:     NESTLEIND
Year:        2013-12
Metric:      ROE
Computed:    47.17
Source:      135.61
Difference:  88.44
Category:    version difference
Explanation: Computed ROE (47.17%) vs source snapshot (135.61%). Source is point-in-time, computed is for year 2013-12.

--- Entry 1002 ---
Company:     ONGC
Year:        2021-03
Metric:      ROCE
Computed:    9.94
Source:      19.71
Difference:  9.77
Category:    formula discrepancy
Explanation: Computed ROCE (9.94%) vs source snapshot (19.71%). Source is a point-in-time snapshot, computed is for year 2021-03. 

--- Entry 1003 ---
Company:     ONGC
Year:        2020-03
Metric:      ROCE
Computed:    7.91
Source:      19.71
Difference:  11.8
Category:    formula discrepancy
Explanation: Computed ROCE (7.91%) vs source snapshot (19.71%). Source is a point-in-time snapshot, computed is for year 2020-03. 

--- Entry 1004 ---
Company:     ONGC
Year:        2020-03
Metric:      ROE
Computed:    5.59
Source:      14.32
Difference:  8.73
Category:    version difference
Explanation: Computed ROE (5.59%) vs source snapshot (14.32%). Source is point-in-time, computed is for year 2020-03.

--- Entry 1005 ---
Company:     ONGC
Year:        2018-03
Metric:      ROCE
Computed:    14.23
Source:      19.71
Difference:  5.48
Category:    formula discrepancy
Explanation: Computed ROCE (14.23%) vs source snapshot (19.71%). Source is a point-in-time snapshot, computed is for year 2018-03. 

--- Entry 1006 ---
Company:     ONGC
Year:        2016-03
Metric:      ROCE
Computed:    9.79
Source:      19.71
Difference:  9.92
Category:    formula discrepancy
Explanation: Computed ROCE (9.79%) vs source snapshot (19.71%). Source is a point-in-time snapshot, computed is for year 2016-03. 

--- Entry 1007 ---
Company:     ONGC
Year:        2016-03
Metric:      ROE
Computed:    6.62
Source:      14.32
Difference:  7.7
Category:    version difference
Explanation: Computed ROE (6.62%) vs source snapshot (14.32%). Source is point-in-time, computed is for year 2016-03.

--- Entry 1008 ---
Company:     ONGC
Year:        2015-03
Metric:      ROCE
Computed:    12.9
Source:      19.71
Difference:  6.81
Category:    formula discrepancy
Explanation: Computed ROCE (12.90%) vs source snapshot (19.71%). Source is a point-in-time snapshot, computed is for year 2015-03. 

--- Entry 1009 ---
Company:     PFC
Year:        2024-03
Metric:      ROE
Computed:    26.16
Source:      19.49
Difference:  6.67
Category:    version difference
Explanation: Computed ROE (26.16%) vs source snapshot (19.49%). Source is point-in-time, computed is for year 2024-03.

--- Entry 1010 ---
Company:     PFC
Year:        2023-03
Metric:      ROE
Computed:    25.17
Source:      19.49
Difference:  5.68
Category:    version difference
Explanation: Computed ROE (25.17%) vs source snapshot (19.49%). Source is point-in-time, computed is for year 2023-03.

--- Entry 1011 ---
Company:     PFC
Year:        2022-03
Metric:      ROE
Computed:    26.18
Source:      19.49
Difference:  6.69
Category:    version difference
Explanation: Computed ROE (26.18%) vs source snapshot (19.49%). Source is point-in-time, computed is for year 2022-03.

--- Entry 1012 ---
Company:     PFC
Year:        2021-03
Metric:      ROE
Computed:    25.86
Source:      19.49
Difference:  6.37
Category:    version difference
Explanation: Computed ROE (25.86%) vs source snapshot (19.49%). Source is point-in-time, computed is for year 2021-03.

--- Entry 1013 ---
Company:     PFC
Year:        2019-03
Metric:      ROE
Computed:    26.82
Source:      19.49
Difference:  7.33
Category:    version difference
Explanation: Computed ROE (26.82%) vs source snapshot (19.49%). Source is point-in-time, computed is for year 2019-03.

--- Entry 1014 ---
Company:     PFC
Year:        2017-03
Metric:      ROE
Computed:    6.07
Source:      19.49
Difference:  13.42
Category:    version difference
Explanation: Computed ROE (6.07%) vs source snapshot (19.49%). Source is point-in-time, computed is for year 2017-03.

--- Entry 1015 ---
Company:     ONGC
Year:        2023-03
Metric:      ROCE
Computed:    12.05
Source:      19.71
Difference:  7.66
Category:    formula discrepancy
Explanation: Computed ROCE (12.05%) vs source snapshot (19.71%). Source is a point-in-time snapshot, computed is for year 2023-03. 

--- Entry 1016 ---
Company:     PIDILITIND
Year:        2023-03
Metric:      ROCE
Computed:    23.29
Source:      29.7
Difference:  6.41
Category:    formula discrepancy
Explanation: Computed ROCE (23.29%) vs source snapshot (29.7%). Source is a point-in-time snapshot, computed is for year 2023-03. 

--- Entry 1017 ---
Company:     PIDILITIND
Year:        2022-03
Metric:      ROCE
Computed:    24.28
Source:      29.7
Difference:  5.42
Category:    formula discrepancy
Explanation: Computed ROCE (24.28%) vs source snapshot (29.7%). Source is a point-in-time snapshot, computed is for year 2022-03. 

--- Entry 1018 ---
Company:     PIDILITIND
Year:        2018-03
Metric:      ROCE
Computed:    37.17
Source:      29.7
Difference:  7.47
Category:    formula discrepancy
Explanation: Computed ROCE (37.17%) vs source snapshot (29.7%). Source is a point-in-time snapshot, computed is for year 2018-03. 

--- Entry 1019 ---
Company:     PIDILITIND
Year:        2017-03
Metric:      ROCE
Computed:    35.36
Source:      29.7
Difference:  5.66
Category:    formula discrepancy
Explanation: Computed ROCE (35.36%) vs source snapshot (29.7%). Source is a point-in-time snapshot, computed is for year 2017-03. 

--- Entry 1020 ---
Company:     PIDILITIND
Year:        2016-03
Metric:      ROCE
Computed:    42.46
Source:      29.7
Difference:  12.76
Category:    formula discrepancy
Explanation: Computed ROCE (42.46%) vs source snapshot (29.7%). Source is a point-in-time snapshot, computed is for year 2016-03. 

--- Entry 1021 ---
Company:     PIDILITIND
Year:        2016-03
Metric:      ROE
Computed:    30.59
Source:      22.8
Difference:  7.79
Category:    version difference
Explanation: Computed ROE (30.59%) vs source snapshot (22.8%). Source is point-in-time, computed is for year 2016-03.

--- Entry 1022 ---
Company:     POWERGRID
Year:        2016-03
Metric:      ROE
Computed:    13.55
Source:      19.0
Difference:  5.45
Category:    version difference
Explanation: Computed ROE (13.55%) vs source snapshot (19.0%). Source is point-in-time, computed is for year 2016-03.

--- Entry 1023 ---
Company:     POWERGRID
Year:        2015-03
Metric:      ROCE
Computed:    7.79
Source:      13.2
Difference:  5.41
Category:    formula discrepancy
Explanation: Computed ROCE (7.79%) vs source snapshot (13.2%). Source is a point-in-time snapshot, computed is for year 2015-03. 

--- Entry 1024 ---
Company:     POWERGRID
Year:        2015-03
Metric:      ROE
Computed:    13.13
Source:      19.0
Difference:  5.87
Category:    version difference
Explanation: Computed ROE (13.13%) vs source snapshot (19.0%). Source is point-in-time, computed is for year 2015-03.

--- Entry 1025 ---
Company:     POWERGRID
Year:        2014-03
Metric:      ROCE
Computed:    8.08
Source:      13.2
Difference:  5.12
Category:    formula discrepancy
Explanation: Computed ROCE (8.08%) vs source snapshot (13.2%). Source is a point-in-time snapshot, computed is for year 2014-03. 

--- Entry 1026 ---
Company:     POWERGRID
Year:        2014-03
Metric:      ROE
Computed:    13.11
Source:      19.0
Difference:  5.89
Category:    version difference
Explanation: Computed ROE (13.11%) vs source snapshot (19.0%). Source is point-in-time, computed is for year 2014-03.

--- Entry 1027 ---
Company:     RECLTD
Year:        2020-03
Metric:      ROE
Computed:    14.05
Source:      22.2
Difference:  8.15
Category:    version difference
Explanation: Computed ROE (14.05%) vs source snapshot (22.2%). Source is point-in-time, computed is for year 2020-03.

--- Entry 1028 ---
Company:     RECLTD
Year:        2019-03
Metric:      ROE
Computed:    16.62
Source:      22.2
Difference:  5.58
Category:    version difference
Explanation: Computed ROE (16.62%) vs source snapshot (22.2%). Source is point-in-time, computed is for year 2019-03.

--- Entry 1029 ---
Company:     RECLTD
Year:        2018-03
Metric:      ROE
Computed:    13.66
Source:      22.2
Difference:  8.54
Category:    version difference
Explanation: Computed ROE (13.66%) vs source snapshot (22.2%). Source is point-in-time, computed is for year 2018-03.

--- Entry 1030 ---
Company:     SBILIFE
Year:        2018-03
Metric:      ROCE
Computed:    21.88
Source:      13.2
Difference:  8.68
Category:    version difference
Explanation: Computed ROCE (21.88%) vs source snapshot (13.2%). Source is a point-in-time snapshot, computed is for year 2018-03. Financials sector — structural differences expected.

--- Entry 1031 ---
Company:     SBILIFE
Year:        2018-03
Metric:      ROE
Computed:    17.62
Source:      12.0
Difference:  5.62
Category:    version difference
Explanation: Computed ROE (17.62%) vs source snapshot (12.0%). Source is point-in-time, computed is for year 2018-03.

--- Entry 1032 ---
Company:     SBILIFE
Year:        2017-03
Metric:      ROCE
Computed:    20.88
Source:      13.2
Difference:  7.68
Category:    version difference
Explanation: Computed ROCE (20.88%) vs source snapshot (13.2%). Source is a point-in-time snapshot, computed is for year 2017-03. Financials sector — structural differences expected.

--- Entry 1033 ---
Company:     SBILIFE
Year:        2017-03
Metric:      ROE
Computed:    17.2
Source:      12.0
Difference:  5.2
Category:    version difference
Explanation: Computed ROE (17.20%) vs source snapshot (12.0%). Source is point-in-time, computed is for year 2017-03.

--- Entry 1034 ---
Company:     SBILIFE
Year:        2016-03
Metric:      ROCE
Computed:    21.38
Source:      13.2
Difference:  8.18
Category:    version difference
Explanation: Computed ROCE (21.38%) vs source snapshot (13.2%). Source is a point-in-time snapshot, computed is for year 2016-03. Financials sector — structural differences expected.

--- Entry 1035 ---
Company:     SBILIFE
Year:        2016-03
Metric:      ROE
Computed:    17.83
Source:      12.0
Difference:  5.83
Category:    version difference
Explanation: Computed ROE (17.83%) vs source snapshot (12.0%). Source is point-in-time, computed is for year 2016-03.

--- Entry 1036 ---
Company:     SBILIFE
Year:        2015-03
Metric:      ROCE
Computed:    23.25
Source:      13.2
Difference:  10.05
Category:    version difference
Explanation: Computed ROCE (23.25%) vs source snapshot (13.2%). Source is a point-in-time snapshot, computed is for year 2015-03. Financials sector — structural differences expected.

--- Entry 1037 ---
Company:     SBILIFE
Year:        2015-03
Metric:      ROE
Computed:    20.09
Source:      12.0
Difference:  8.09
Category:    version difference
Explanation: Computed ROE (20.09%) vs source snapshot (12.0%). Source is point-in-time, computed is for year 2015-03.

--- Entry 1038 ---
Company:     SBILIFE
Year:        2014-03
Metric:      ROCE
Computed:    24.46
Source:      13.2
Difference:  11.26
Category:    version difference
Explanation: Computed ROCE (24.46%) vs source snapshot (13.2%). Source is a point-in-time snapshot, computed is for year 2014-03. Financials sector — structural differences expected.

--- Entry 1039 ---
Company:     SBILIFE
Year:        2014-03
Metric:      ROE
Computed:    21.69
Source:      12.0
Difference:  9.69
Category:    version difference
Explanation: Computed ROE (21.69%) vs source snapshot (12.0%). Source is point-in-time, computed is for year 2014-03.

--- Entry 1040 ---
Company:     SBILIFE
Year:        2013-03
Metric:      ROCE
Computed:    25.37
Source:      13.2
Difference:  12.17
Category:    version difference
Explanation: Computed ROCE (25.37%) vs source snapshot (13.2%). Source is a point-in-time snapshot, computed is for year 2013-03. Financials sector — structural differences expected.

--- Entry 1041 ---
Company:     SBILIFE
Year:        2013-03
Metric:      ROE
Computed:    23.03
Source:      12.0
Difference:  11.03
Category:    version difference
Explanation: Computed ROE (23.03%) vs source snapshot (12.0%). Source is point-in-time, computed is for year 2013-03.

--- Entry 1042 ---
Company:     SBILIFE
Year:        2020-03
Metric:      ROCE
Computed:    20.47
Source:      13.2
Difference:  7.27
Category:    version difference
Explanation: Computed ROCE (20.47%) vs source snapshot (13.2%). Source is a point-in-time snapshot, computed is for year 2020-03. Financials sector — structural differences expected.

--- Entry 1043 ---
Company:     SBILIFE
Year:        2019-03
Metric:      ROCE
Computed:    21.78
Source:      13.2
Difference:  8.58
Category:    version difference
Explanation: Computed ROCE (21.78%) vs source snapshot (13.2%). Source is a point-in-time snapshot, computed is for year 2019-03. Financials sector — structural differences expected.

--- Entry 1044 ---
Company:     SBILIFE
Year:        2019-03
Metric:      ROE
Computed:    17.52
Source:      12.0
Difference:  5.52
Category:    version difference
Explanation: Computed ROE (17.52%) vs source snapshot (12.0%). Source is point-in-time, computed is for year 2019-03.

--- Entry 1045 ---
Company:     SHREECEM
Year:        2023-03
Metric:      ROCE
Computed:    8.23
Source:      14.8
Difference:  6.57
Category:    formula discrepancy
Explanation: Computed ROCE (8.23%) vs source snapshot (14.8%). Source is a point-in-time snapshot, computed is for year 2023-03. 

--- Entry 1046 ---
Company:     SHREECEM
Year:        2017-03
Metric:      ROE
Computed:    17.39
Source:      12.2
Difference:  5.19
Category:    version difference
Explanation: Computed ROE (17.39%) vs source snapshot (12.2%). Source is point-in-time, computed is for year 2017-03.

--- Entry 1047 ---
Company:     SHREECEM
Year:        2015-06
Metric:      ROCE
Computed:    8.43
Source:      14.8
Difference:  6.37
Category:    formula discrepancy
Explanation: Computed ROCE (8.43%) vs source snapshot (14.8%). Source is a point-in-time snapshot, computed is for year 2015-06. 

--- Entry 1048 ---
Company:     SHREECEM
Year:        2013-06
Metric:      ROCE
Computed:    25.57
Source:      14.8
Difference:  10.77
Category:    formula discrepancy
Explanation: Computed ROCE (25.57%) vs source snapshot (14.8%). Source is a point-in-time snapshot, computed is for year 2013-06. 

--- Entry 1049 ---
Company:     SHREECEM
Year:        2013-06
Metric:      ROE
Computed:    26.12
Source:      12.2
Difference:  13.92
Category:    version difference
Explanation: Computed ROE (26.12%) vs source snapshot (12.2%). Source is point-in-time, computed is for year 2013-06.

--- Entry 1050 ---
Company:     SIEMENS
Year:        2019-09
Metric:      ROCE
Computed:    18.68
Source:      25.6
Difference:  6.92
Category:    formula discrepancy
Explanation: Computed ROCE (18.68%) vs source snapshot (25.6%). Source is a point-in-time snapshot, computed is for year 2019-09. 

--- Entry 1051 ---
Company:     SIEMENS
Year:        2019-09
Metric:      ROE
Computed:    12.14
Source:      19.1
Difference:  6.96
Category:    version difference
Explanation: Computed ROE (12.14%) vs source snapshot (19.1%). Source is point-in-time, computed is for year 2019-09.

--- Entry 1052 ---
Company:     SIEMENS
Year:        2018-09
Metric:      ROCE
Computed:    16.99
Source:      25.6
Difference:  8.61
Category:    formula discrepancy
Explanation: Computed ROCE (16.99%) vs source snapshot (25.6%). Source is a point-in-time snapshot, computed is for year 2018-09. 

--- Entry 1053 ---
Company:     SIEMENS
Year:        2018-09
Metric:      ROE
Computed:    10.86
Source:      19.1
Difference:  8.24
Category:    version difference
Explanation: Computed ROE (10.86%) vs source snapshot (19.1%). Source is point-in-time, computed is for year 2018-09.

--- Entry 1054 ---
Company:     SIEMENS
Year:        2016-09
Metric:      ROCE
Computed:    57.84
Source:      25.6
Difference:  32.24
Category:    formula discrepancy
Explanation: Computed ROCE (57.84%) vs source snapshot (25.6%). Source is a point-in-time snapshot, computed is for year 2016-09. 

--- Entry 1055 ---
Company:     SIEMENS
Year:        2016-09
Metric:      ROE
Computed:    42.83
Source:      19.1
Difference:  23.73
Category:    version difference
Explanation: Computed ROE (42.83%) vs source snapshot (19.1%). Source is point-in-time, computed is for year 2016-09.

--- Entry 1056 ---
Company:     SIEMENS
Year:        2015-09
Metric:      ROCE
Computed:    33.41
Source:      25.6
Difference:  7.81
Category:    formula discrepancy
Explanation: Computed ROCE (33.41%) vs source snapshot (25.6%). Source is a point-in-time snapshot, computed is for year 2015-09. 

--- Entry 1057 ---
Company:     SIEMENS
Year:        2014-09
Metric:      ROCE
Computed:    20.0
Source:      25.6
Difference:  5.6
Category:    formula discrepancy
Explanation: Computed ROCE (20.00%) vs source snapshot (25.6%). Source is a point-in-time snapshot, computed is for year 2014-09. 

--- Entry 1058 ---
Company:     SIEMENS
Year:        2014-09
Metric:      ROE
Computed:    13.78
Source:      19.1
Difference:  5.32
Category:    version difference
Explanation: Computed ROE (13.78%) vs source snapshot (19.1%). Source is point-in-time, computed is for year 2014-09.

--- Entry 1059 ---
Company:     SHRIRAMFIN
Year:        2022-03
Metric:      ROE
Computed:    10.43
Source:      15.9
Difference:  5.47
Category:    version difference
Explanation: Computed ROE (10.43%) vs source snapshot (15.9%). Source is point-in-time, computed is for year 2022-03.

--- Entry 1060 ---
Company:     SUNPHARMA
Year:        2022-03
Metric:      ROCE
Computed:    9.35
Source:      17.3
Difference:  7.95
Category:    formula discrepancy
Explanation: Computed ROCE (9.35%) vs source snapshot (17.3%). Source is a point-in-time snapshot, computed is for year 2022-03. 

--- Entry 1061 ---
Company:     SUNPHARMA
Year:        2022-03
Metric:      ROE
Computed:    7.06
Source:      16.7
Difference:  9.64
Category:    version difference
Explanation: Computed ROE (7.06%) vs source snapshot (16.7%). Source is point-in-time, computed is for year 2022-03.

--- Entry 1062 ---
Company:     SUNPHARMA
Year:        2021-03
Metric:      ROCE
Computed:    5.84
Source:      17.3
Difference:  11.46
Category:    formula discrepancy
Explanation: Computed ROCE (5.84%) vs source snapshot (17.3%). Source is a point-in-time snapshot, computed is for year 2021-03. 

--- Entry 1063 ---
Company:     SUNPHARMA
Year:        2021-03
Metric:      ROE
Computed:    4.89
Source:      16.7
Difference:  11.81
Category:    version difference
Explanation: Computed ROE (4.89%) vs source snapshot (16.7%). Source is point-in-time, computed is for year 2021-03.

--- Entry 1064 ---
Company:     SUNPHARMA
Year:        2020-03
Metric:      ROCE
Computed:    9.92
Source:      17.3
Difference:  7.38
Category:    formula discrepancy
Explanation: Computed ROCE (9.92%) vs source snapshot (17.3%). Source is a point-in-time snapshot, computed is for year 2020-03. 

--- Entry 1065 ---
Company:     SUNPHARMA
Year:        2020-03
Metric:      ROE
Computed:    9.22
Source:      16.7
Difference:  7.48
Category:    version difference
Explanation: Computed ROE (9.22%) vs source snapshot (16.7%). Source is point-in-time, computed is for year 2020-03.

--- Entry 1066 ---
Company:     SUNPHARMA
Year:        2019-03
Metric:      ROCE
Computed:    8.41
Source:      17.3
Difference:  8.89
Category:    formula discrepancy
Explanation: Computed ROCE (8.41%) vs source snapshot (17.3%). Source is a point-in-time snapshot, computed is for year 2019-03. 

--- Entry 1067 ---
Company:     SUNPHARMA
Year:        2019-03
Metric:      ROE
Computed:    7.75
Source:      16.7
Difference:  8.95
Category:    version difference
Explanation: Computed ROE (7.75%) vs source snapshot (16.7%). Source is point-in-time, computed is for year 2019-03.

--- Entry 1068 ---
Company:     SUNPHARMA
Year:        2018-03
Metric:      ROCE
Computed:    8.21
Source:      17.3
Difference:  9.09
Category:    formula discrepancy
Explanation: Computed ROCE (8.21%) vs source snapshot (17.3%). Source is a point-in-time snapshot, computed is for year 2018-03. 

--- Entry 1069 ---
Company:     SUNPHARMA
Year:        2018-03
Metric:      ROE
Computed:    6.63
Source:      16.7
Difference:  10.07
Category:    version difference
Explanation: Computed ROE (6.63%) vs source snapshot (16.7%). Source is point-in-time, computed is for year 2018-03.

--- Entry 1070 ---
Company:     SUNPHARMA
Year:        2013-03
Metric:      ROCE
Computed:    28.58
Source:      17.3
Difference:  11.28
Category:    formula discrepancy
Explanation: Computed ROCE (28.58%) vs source snapshot (17.3%). Source is a point-in-time snapshot, computed is for year 2013-03. 

--- Entry 1071 ---
Company:     SUNPHARMA
Year:        2013-03
Metric:      ROE
Computed:    23.14
Source:      16.7
Difference:  6.44
Category:    version difference
Explanation: Computed ROE (23.14%) vs source snapshot (16.7%). Source is point-in-time, computed is for year 2013-03.

--- Entry 1072 ---
Company:     SIEMENS
Year:        2023-09
Metric:      ROCE
Computed:    20.08
Source:      25.6
Difference:  5.52
Category:    formula discrepancy
Explanation: Computed ROCE (20.08%) vs source snapshot (25.6%). Source is a point-in-time snapshot, computed is for year 2023-09. 

--- Entry 1073 ---
Company:     SIEMENS
Year:        2022-09
Metric:      ROCE
Computed:    17.21
Source:      25.6
Difference:  8.39
Category:    formula discrepancy
Explanation: Computed ROCE (17.21%) vs source snapshot (25.6%). Source is a point-in-time snapshot, computed is for year 2022-09. 

--- Entry 1074 ---
Company:     SIEMENS
Year:        2022-09
Metric:      ROE
Computed:    13.29
Source:      19.1
Difference:  5.81
Category:    version difference
Explanation: Computed ROE (13.29%) vs source snapshot (19.1%). Source is point-in-time, computed is for year 2022-09.

--- Entry 1075 ---
Company:     SIEMENS
Year:        2021-09
Metric:      ROCE
Computed:    14.26
Source:      25.6
Difference:  11.34
Category:    formula discrepancy
Explanation: Computed ROCE (14.26%) vs source snapshot (25.6%). Source is a point-in-time snapshot, computed is for year 2021-09. 

--- Entry 1076 ---
Company:     SIEMENS
Year:        2021-09
Metric:      ROE
Computed:    10.52
Source:      19.1
Difference:  8.58
Category:    version difference
Explanation: Computed ROE (10.52%) vs source snapshot (19.1%). Source is point-in-time, computed is for year 2021-09.

--- Entry 1077 ---
Company:     SIEMENS
Year:        2020-09
Metric:      ROCE
Computed:    11.23
Source:      25.6
Difference:  14.37
Category:    formula discrepancy
Explanation: Computed ROCE (11.23%) vs source snapshot (25.6%). Source is a point-in-time snapshot, computed is for year 2020-09. 

--- Entry 1078 ---
Company:     SIEMENS
Year:        2020-09
Metric:      ROE
Computed:    8.1
Source:      19.1
Difference:  11.0
Category:    version difference
Explanation: Computed ROE (8.10%) vs source snapshot (19.1%). Source is point-in-time, computed is for year 2020-09.

--- Entry 1079 ---
Company:     TATAMOTORS
Year:        2015-03
Metric:      ROE
Computed:    25.01
Source:      49.4
Difference:  24.39
Category:    version difference
Explanation: Computed ROE (25.01%) vs source snapshot (49.4%). Source is point-in-time, computed is for year 2015-03.

--- Entry 1080 ---
Company:     TATAMOTORS
Year:        2014-03
Metric:      ROE
Computed:    21.42
Source:      49.4
Difference:  27.98
Category:    version difference
Explanation: Computed ROE (21.42%) vs source snapshot (49.4%). Source is point-in-time, computed is for year 2014-03.

--- Entry 1081 ---
Company:     TATAMOTORS
Year:        2013-03
Metric:      ROE
Computed:    26.51
Source:      49.4
Difference:  22.89
Category:    version difference
Explanation: Computed ROE (26.51%) vs source snapshot (49.4%). Source is point-in-time, computed is for year 2013-03.

--- Entry 1082 ---
Company:     TATACONSUM
Year:        2016-03
Metric:      ROCE
Computed:    3.78
Source:      10.6
Difference:  6.82
Category:    formula discrepancy
Explanation: Computed ROCE (3.78%) vs source snapshot (10.6%). Source is a point-in-time snapshot, computed is for year 2016-03. 

--- Entry 1083 ---
Company:     TATACONSUM
Year:        2016-03
Metric:      ROE
Computed:    -0.59
Source:      8.32
Difference:  8.91
Category:    version difference
Explanation: Computed ROE (-0.59%) vs source snapshot (8.32%). Source is point-in-time, computed is for year 2016-03.

--- Entry 1084 ---
Company:     TATAPOWER
Year:        2015-03
Metric:      ROE
Computed:    3.19
Source:      11.3
Difference:  8.11
Category:    version difference
Explanation: Computed ROE (3.19%) vs source snapshot (11.3%). Source is point-in-time, computed is for year 2015-03.

--- Entry 1085 ---
Company:     TATAPOWER
Year:        2014-03
Metric:      ROE
Computed:    0.1
Source:      11.3
Difference:  11.2
Category:    version difference
Explanation: Computed ROE (0.10%) vs source snapshot (11.3%). Source is point-in-time, computed is for year 2014-03.

--- Entry 1086 ---
Company:     TATAPOWER
Year:        2013-03
Metric:      ROE
Computed:    1.0
Source:      11.3
Difference:  10.3
Category:    version difference
Explanation: Computed ROE (1.00%) vs source snapshot (11.3%). Source is point-in-time, computed is for year 2013-03.

--- Entry 1087 ---
Company:     TATAMOTORS
Year:        2024-03
Metric:      ROE
Computed:    37.46
Source:      49.4
Difference:  11.94
Category:    version difference
Explanation: Computed ROE (37.46%) vs source snapshot (49.4%). Source is point-in-time, computed is for year 2024-03.

--- Entry 1088 ---
Company:     TATAMOTORS
Year:        2023-03
Metric:      ROCE
Computed:    7.59
Source:      20.1
Difference:  12.51
Category:    formula discrepancy
Explanation: Computed ROCE (7.59%) vs source snapshot (20.1%). Source is a point-in-time snapshot, computed is for year 2023-03. 

--- Entry 1089 ---
Company:     TATAMOTORS
Year:        2023-03
Metric:      ROE
Computed:    5.94
Source:      49.4
Difference:  43.46
Category:    version difference
Explanation: Computed ROE (5.94%) vs source snapshot (49.4%). Source is point-in-time, computed is for year 2023-03.

--- Entry 1090 ---
Company:     TATAMOTORS
Year:        2022-03
Metric:      ROCE
Computed:    1.21
Source:      20.1
Difference:  18.89
Category:    formula discrepancy
Explanation: Computed ROCE (1.21%) vs source snapshot (20.1%). Source is a point-in-time snapshot, computed is for year 2022-03. 

--- Entry 1091 ---
Company:     TATAMOTORS
Year:        2022-03
Metric:      ROE
Computed:    -25.38
Source:      49.4
Difference:  74.78
Category:    version difference
Explanation: Computed ROE (-25.38%) vs source snapshot (49.4%). Source is point-in-time, computed is for year 2022-03.

--- Entry 1092 ---
Company:     TATAMOTORS
Year:        2021-03
Metric:      ROCE
Computed:    -1.2
Source:      20.1
Difference:  21.3
Category:    formula discrepancy
Explanation: Computed ROCE (-1.20%) vs source snapshot (20.1%). Source is a point-in-time snapshot, computed is for year 2021-03. 

--- Entry 1093 ---
Company:     TATAMOTORS
Year:        2021-03
Metric:      ROE
Computed:    -24.25
Source:      49.4
Difference:  73.65
Category:    version difference
Explanation: Computed ROE (-24.25%) vs source snapshot (49.4%). Source is point-in-time, computed is for year 2021-03.

--- Entry 1094 ---
Company:     TATAMOTORS
Year:        2020-03
Metric:      ROCE
Computed:    -1.78
Source:      20.1
Difference:  21.88
Category:    formula discrepancy
Explanation: Computed ROCE (-1.78%) vs source snapshot (20.1%). Source is a point-in-time snapshot, computed is for year 2020-03. 

--- Entry 1095 ---
Company:     TATAMOTORS
Year:        2020-03
Metric:      ROE
Computed:    -18.98
Source:      49.4
Difference:  68.38
Category:    version difference
Explanation: Computed ROE (-18.98%) vs source snapshot (49.4%). Source is point-in-time, computed is for year 2020-03.

--- Entry 1096 ---
Company:     TATAMOTORS
Year:        2019-03
Metric:      ROCE
Computed:    -15.4
Source:      20.1
Difference:  35.5
Category:    formula discrepancy
Explanation: Computed ROCE (-15.40%) vs source snapshot (20.1%). Source is a point-in-time snapshot, computed is for year 2019-03. 

--- Entry 1097 ---
Company:     TATAMOTORS
Year:        2019-03
Metric:      ROE
Computed:    -47.73
Source:      49.4
Difference:  97.13
Category:    version difference
Explanation: Computed ROE (-47.73%) vs source snapshot (49.4%). Source is point-in-time, computed is for year 2019-03.

--- Entry 1098 ---
Company:     TATAMOTORS
Year:        2018-03
Metric:      ROCE
Computed:    8.59
Source:      20.1
Difference:  11.51
Category:    formula discrepancy
Explanation: Computed ROCE (8.59%) vs source snapshot (20.1%). Source is a point-in-time snapshot, computed is for year 2018-03. 

--- Entry 1099 ---
Company:     TATAMOTORS
Year:        2018-03
Metric:      ROE
Computed:    9.53
Source:      49.4
Difference:  39.87
Category:    version difference
Explanation: Computed ROE (9.53%) vs source snapshot (49.4%). Source is point-in-time, computed is for year 2018-03.

--- Entry 1100 ---
Company:     TATAMOTORS
Year:        2017-03
Metric:      ROCE
Computed:    9.92
Source:      20.1
Difference:  10.18
Category:    formula discrepancy
Explanation: Computed ROCE (9.92%) vs source snapshot (20.1%). Source is a point-in-time snapshot, computed is for year 2017-03. 

--- Entry 1101 ---
Company:     TATAMOTORS
Year:        2017-03
Metric:      ROE
Computed:    13.02
Source:      49.4
Difference:  36.38
Category:    version difference
Explanation: Computed ROE (13.02%) vs source snapshot (49.4%). Source is point-in-time, computed is for year 2017-03.

--- Entry 1102 ---
Company:     TATAMOTORS
Year:        2016-03
Metric:      ROCE
Computed:    12.82
Source:      20.1
Difference:  7.28
Category:    formula discrepancy
Explanation: Computed ROCE (12.82%) vs source snapshot (20.1%). Source is a point-in-time snapshot, computed is for year 2016-03. 

--- Entry 1103 ---
Company:     TATAMOTORS
Year:        2016-03
Metric:      ROE
Computed:    14.79
Source:      49.4
Difference:  34.61
Category:    version difference
Explanation: Computed ROE (14.79%) vs source snapshot (49.4%). Source is point-in-time, computed is for year 2016-03.

--- Entry 1104 ---
Company:     TATASTEEL
Year:        2023-03
Metric:      ROCE
Computed:    13.05
Source:      7.02
Difference:  6.03
Category:    formula discrepancy
Explanation: Computed ROCE (13.05%) vs source snapshot (7.02%). Source is a point-in-time snapshot, computed is for year 2023-03. 

--- Entry 1105 ---
Company:     TATASTEEL
Year:        2022-03
Metric:      ROCE
Computed:    29.31
Source:      7.02
Difference:  22.29
Category:    formula discrepancy
Explanation: Computed ROCE (29.31%) vs source snapshot (7.02%). Source is a point-in-time snapshot, computed is for year 2022-03. 

--- Entry 1106 ---
Company:     TATASTEEL
Year:        2022-03
Metric:      ROE
Computed:    36.48
Source:      6.55
Difference:  29.93
Category:    version difference
Explanation: Computed ROE (36.48%) vs source snapshot (6.55%). Source is point-in-time, computed is for year 2022-03.

--- Entry 1107 ---
Company:     TATASTEEL
Year:        2021-03
Metric:      ROCE
Computed:    13.18
Source:      7.02
Difference:  6.16
Category:    formula discrepancy
Explanation: Computed ROCE (13.18%) vs source snapshot (7.02%). Source is a point-in-time snapshot, computed is for year 2021-03. 

--- Entry 1108 ---
Company:     TATASTEEL
Year:        2019-03
Metric:      ROCE
Computed:    13.85
Source:      7.02
Difference:  6.83
Category:    formula discrepancy
Explanation: Computed ROCE (13.85%) vs source snapshot (7.02%). Source is a point-in-time snapshot, computed is for year 2019-03. 

--- Entry 1109 ---
Company:     TATASTEEL
Year:        2019-03
Metric:      ROE
Computed:    13.23
Source:      6.55
Difference:  6.68
Category:    version difference
Explanation: Computed ROE (13.23%) vs source snapshot (6.55%). Source is point-in-time, computed is for year 2019-03.

--- Entry 1110 ---
Company:     TATASTEEL
Year:        2018-03
Metric:      ROCE
Computed:    17.38
Source:      7.02
Difference:  10.36
Category:    formula discrepancy
Explanation: Computed ROCE (17.38%) vs source snapshot (7.02%). Source is a point-in-time snapshot, computed is for year 2018-03. 

--- Entry 1111 ---
Company:     TATASTEEL
Year:        2018-03
Metric:      ROE
Computed:    29.15
Source:      6.55
Difference:  22.6
Category:    version difference
Explanation: Computed ROE (29.15%) vs source snapshot (6.55%). Source is point-in-time, computed is for year 2018-03.

--- Entry 1112 ---
Company:     TATASTEEL
Year:        2017-03
Metric:      ROE
Computed:    -11.02
Source:      6.55
Difference:  17.57
Category:    version difference
Explanation: Computed ROE (-11.02%) vs source snapshot (6.55%). Source is point-in-time, computed is for year 2017-03.

--- Entry 1113 ---
Company:     TATASTEEL
Year:        2016-03
Metric:      ROE
Computed:    -1.14
Source:      6.55
Difference:  7.69
Category:    version difference
Explanation: Computed ROE (-1.14%) vs source snapshot (6.55%). Source is point-in-time, computed is for year 2016-03.

--- Entry 1114 ---
Company:     TATASTEEL
Year:        2015-03
Metric:      ROE
Computed:    -12.56
Source:      6.55
Difference:  19.11
Category:    version difference
Explanation: Computed ROE (-12.56%) vs source snapshot (6.55%). Source is point-in-time, computed is for year 2015-03.

--- Entry 1115 ---
Company:     TATASTEEL
Year:        2013-03
Metric:      ROCE
Computed:    -0.16
Source:      7.02
Difference:  7.18
Category:    formula discrepancy
Explanation: Computed ROCE (-0.16%) vs source snapshot (7.02%). Source is a point-in-time snapshot, computed is for year 2013-03. 

--- Entry 1116 ---
Company:     TATASTEEL
Year:        2013-03
Metric:      ROE
Computed:    -21.28
Source:      6.55
Difference:  27.83
Category:    version difference
Explanation: Computed ROE (-21.28%) vs source snapshot (6.55%). Source is point-in-time, computed is for year 2013-03.

--- Entry 1117 ---
Company:     TECHM
Year:        2015-03
Metric:      ROCE
Computed:    28.48
Source:      11.9
Difference:  16.58
Category:    formula discrepancy
Explanation: Computed ROCE (28.48%) vs source snapshot (11.9%). Source is a point-in-time snapshot, computed is for year 2015-03. 

--- Entry 1118 ---
Company:     TECHM
Year:        2015-03
Metric:      ROE
Computed:    21.71
Source:      8.63
Difference:  13.08
Category:    version difference
Explanation: Computed ROE (21.71%) vs source snapshot (8.63%). Source is point-in-time, computed is for year 2015-03.

--- Entry 1119 ---
Company:     TECHM
Year:        2014-03
Metric:      ROCE
Computed:    40.81
Source:      11.9
Difference:  28.91
Category:    formula discrepancy
Explanation: Computed ROCE (40.81%) vs source snapshot (11.9%). Source is a point-in-time snapshot, computed is for year 2014-03. 

--- Entry 1120 ---
Company:     TECHM
Year:        2014-03
Metric:      ROE
Computed:    33.35
Source:      8.63
Difference:  24.72
Category:    version difference
Explanation: Computed ROE (33.35%) vs source snapshot (8.63%). Source is point-in-time, computed is for year 2014-03.

--- Entry 1121 ---
Company:     TECHM
Year:        2013-03
Metric:      ROE
Computed:    24.09
Source:      8.63
Difference:  15.46
Category:    version difference
Explanation: Computed ROE (24.09%) vs source snapshot (8.63%). Source is point-in-time, computed is for year 2013-03.

--- Entry 1122 ---
Company:     TCS
Year:        2024-03
Metric:      ROE
Computed:    50.94
Source:      0.52
Difference:  50.42
Category:    version difference
Explanation: Computed ROE (50.94%) vs source snapshot (0.52%). Source is point-in-time, computed is for year 2024-03.

--- Entry 1123 ---
Company:     TCS
Year:        2023-03
Metric:      ROCE
Computed:    58.8
Source:      64.3
Difference:  5.5
Category:    formula discrepancy
Explanation: Computed ROCE (58.80%) vs source snapshot (64.3%). Source is a point-in-time snapshot, computed is for year 2023-03. 

--- Entry 1124 ---
Company:     TCS
Year:        2023-03
Metric:      ROE
Computed:    46.78
Source:      0.52
Difference:  46.26
Category:    version difference
Explanation: Computed ROE (46.78%) vs source snapshot (0.52%). Source is point-in-time, computed is for year 2023-03.

--- Entry 1125 ---
Company:     TCS
Year:        2022-03
Metric:      ROCE
Computed:    54.12
Source:      64.3
Difference:  10.18
Category:    formula discrepancy
Explanation: Computed ROCE (54.12%) vs source snapshot (64.3%). Source is a point-in-time snapshot, computed is for year 2022-03. 

--- Entry 1126 ---
Company:     TCS
Year:        2022-03
Metric:      ROE
Computed:    43.13
Source:      0.52
Difference:  42.61
Category:    version difference
Explanation: Computed ROE (43.13%) vs source snapshot (0.52%). Source is point-in-time, computed is for year 2022-03.

--- Entry 1127 ---
Company:     TCS
Year:        2021-03
Metric:      ROCE
Computed:    47.12
Source:      64.3
Difference:  17.18
Category:    formula discrepancy
Explanation: Computed ROCE (47.12%) vs source snapshot (64.3%). Source is a point-in-time snapshot, computed is for year 2021-03. 

--- Entry 1128 ---
Company:     TCS
Year:        2021-03
Metric:      ROE
Computed:    37.67
Source:      0.52
Difference:  37.15
Category:    version difference
Explanation: Computed ROE (37.67%) vs source snapshot (0.52%). Source is point-in-time, computed is for year 2021-03.

--- Entry 1129 ---
Company:     TCS
Year:        2020-03
Metric:      ROCE
Computed:    46.77
Source:      64.3
Difference:  17.53
Category:    formula discrepancy
Explanation: Computed ROCE (46.77%) vs source snapshot (64.3%). Source is a point-in-time snapshot, computed is for year 2020-03. 

--- Entry 1130 ---
Company:     TCS
Year:        2020-03
Metric:      ROE
Computed:    38.57
Source:      0.52
Difference:  38.05
Category:    version difference
Explanation: Computed ROE (38.57%) vs source snapshot (0.52%). Source is point-in-time, computed is for year 2020-03.

--- Entry 1131 ---
Company:     TCS
Year:        2019-03
Metric:      ROCE
Computed:    46.66
Source:      64.3
Difference:  17.64
Category:    formula discrepancy
Explanation: Computed ROCE (46.66%) vs source snapshot (64.3%). Source is a point-in-time snapshot, computed is for year 2019-03. 

--- Entry 1132 ---
Company:     TCS
Year:        2019-03
Metric:      ROE
Computed:    35.29
Source:      0.52
Difference:  34.77
Category:    version difference
Explanation: Computed ROE (35.29%) vs source snapshot (0.52%). Source is point-in-time, computed is for year 2019-03.

--- Entry 1133 ---
Company:     TCS
Year:        2018-03
Metric:      ROCE
Computed:    39.99
Source:      64.3
Difference:  24.31
Category:    formula discrepancy
Explanation: Computed ROCE (39.99%) vs source snapshot (64.3%). Source is a point-in-time snapshot, computed is for year 2018-03. 

--- Entry 1134 ---
Company:     TCS
Year:        2018-03
Metric:      ROE
Computed:    30.4
Source:      0.52
Difference:  29.88
Category:    version difference
Explanation: Computed ROE (30.40%) vs source snapshot (0.52%). Source is point-in-time, computed is for year 2018-03.

--- Entry 1135 ---
Company:     TCS
Year:        2017-03
Metric:      ROCE
Computed:    39.94
Source:      64.3
Difference:  24.36
Category:    formula discrepancy
Explanation: Computed ROCE (39.94%) vs source snapshot (64.3%). Source is a point-in-time snapshot, computed is for year 2017-03. 

--- Entry 1136 ---
Company:     TCS
Year:        2017-03
Metric:      ROE
Computed:    30.57
Source:      0.52
Difference:  30.05
Category:    version difference
Explanation: Computed ROE (30.57%) vs source snapshot (0.52%). Source is point-in-time, computed is for year 2017-03.

--- Entry 1137 ---
Company:     TCS
Year:        2016-03
Metric:      ROCE
Computed:    44.69
Source:      64.3
Difference:  19.61
Category:    formula discrepancy
Explanation: Computed ROCE (44.69%) vs source snapshot (64.3%). Source is a point-in-time snapshot, computed is for year 2016-03. 

--- Entry 1138 ---
Company:     TCS
Year:        2016-03
Metric:      ROE
Computed:    34.24
Source:      0.52
Difference:  33.72
Category:    version difference
Explanation: Computed ROE (34.24%) vs source snapshot (0.52%). Source is point-in-time, computed is for year 2016-03.

--- Entry 1139 ---
Company:     TCS
Year:        2015-03
Metric:      ROCE
Computed:    51.78
Source:      64.3
Difference:  12.52
Category:    formula discrepancy
Explanation: Computed ROCE (51.78%) vs source snapshot (64.3%). Source is a point-in-time snapshot, computed is for year 2015-03. 

--- Entry 1140 ---
Company:     TCS
Year:        2015-03
Metric:      ROE
Computed:    39.62
Source:      0.52
Difference:  39.1
Category:    version difference
Explanation: Computed ROE (39.62%) vs source snapshot (0.52%). Source is point-in-time, computed is for year 2015-03.

--- Entry 1141 ---
Company:     TCS
Year:        2014-03
Metric:      ROCE
Computed:    51.4
Source:      64.3
Difference:  12.9
Category:    formula discrepancy
Explanation: Computed ROCE (51.40%) vs source snapshot (64.3%). Source is a point-in-time snapshot, computed is for year 2014-03. 

--- Entry 1142 ---
Company:     TCS
Year:        2014-03
Metric:      ROE
Computed:    39.3
Source:      0.52
Difference:  38.78
Category:    version difference
Explanation: Computed ROE (39.30%) vs source snapshot (0.52%). Source is point-in-time, computed is for year 2014-03.

--- Entry 1143 ---
Company:     TCS
Year:        2013-03
Metric:      ROCE
Computed:    46.65
Source:      64.3
Difference:  17.65
Category:    formula discrepancy
Explanation: Computed ROCE (46.65%) vs source snapshot (64.3%). Source is a point-in-time snapshot, computed is for year 2013-03. 

--- Entry 1144 ---
Company:     TCS
Year:        2013-03
Metric:      ROE
Computed:    36.52
Source:      0.52
Difference:  36.0
Category:    version difference
Explanation: Computed ROE (36.52%) vs source snapshot (0.52%). Source is point-in-time, computed is for year 2013-03.

--- Entry 1145 ---
Company:     TATASTEEL
Year:        2024-03
Metric:      ROE
Computed:    -5.33
Source:      6.55
Difference:  11.88
Category:    version difference
Explanation: Computed ROE (-5.33%) vs source snapshot (6.55%). Source is point-in-time, computed is for year 2024-03.

--- Entry 1146 ---
Company:     TITAN
Year:        2019-03
Metric:      ROE
Computed:    22.88
Source:      32.9
Difference:  10.02
Category:    version difference
Explanation: Computed ROE (22.88%) vs source snapshot (32.9%). Source is point-in-time, computed is for year 2019-03.

--- Entry 1147 ---
Company:     TITAN
Year:        2018-03
Metric:      ROE
Computed:    21.65
Source:      32.9
Difference:  11.25
Category:    version difference
Explanation: Computed ROE (21.65%) vs source snapshot (32.9%). Source is point-in-time, computed is for year 2018-03.

--- Entry 1148 ---
Company:     TITAN
Year:        2017-03
Metric:      ROCE
Computed:    16.53
Source:      22.7
Difference:  6.17
Category:    formula discrepancy
Explanation: Computed ROCE (16.53%) vs source snapshot (22.7%). Source is a point-in-time snapshot, computed is for year 2017-03. 

--- Entry 1149 ---
Company:     TITAN
Year:        2017-03
Metric:      ROE
Computed:    16.47
Source:      32.9
Difference:  16.43
Category:    version difference
Explanation: Computed ROE (16.47%) vs source snapshot (32.9%). Source is point-in-time, computed is for year 2017-03.

--- Entry 1150 ---
Company:     TITAN
Year:        2016-03
Metric:      ROE
Computed:    19.25
Source:      32.9
Difference:  13.65
Category:    version difference
Explanation: Computed ROE (19.25%) vs source snapshot (32.9%). Source is point-in-time, computed is for year 2016-03.

--- Entry 1151 ---
Company:     TITAN
Year:        2015-03
Metric:      ROCE
Computed:    35.49
Source:      22.7
Difference:  12.79
Category:    formula discrepancy
Explanation: Computed ROCE (35.49%) vs source snapshot (22.7%). Source is a point-in-time snapshot, computed is for year 2015-03. 

--- Entry 1152 ---
Company:     TITAN
Year:        2015-03
Metric:      ROE
Computed:    26.46
Source:      32.9
Difference:  6.44
Category:    version difference
Explanation: Computed ROE (26.46%) vs source snapshot (32.9%). Source is point-in-time, computed is for year 2015-03.

--- Entry 1153 ---
Company:     TITAN
Year:        2014-03
Metric:      ROCE
Computed:    32.94
Source:      22.7
Difference:  10.24
Category:    formula discrepancy
Explanation: Computed ROCE (32.94%) vs source snapshot (22.7%). Source is a point-in-time snapshot, computed is for year 2014-03. 

--- Entry 1154 ---
Company:     TITAN
Year:        2013-03
Metric:      ROCE
Computed:    53.65
Source:      22.7
Difference:  30.95
Category:    formula discrepancy
Explanation: Computed ROCE (53.65%) vs source snapshot (22.7%). Source is a point-in-time snapshot, computed is for year 2013-03. 

--- Entry 1155 ---
Company:     TECHM
Year:        2023-03
Metric:      ROCE
Computed:    22.08
Source:      11.9
Difference:  10.18
Category:    formula discrepancy
Explanation: Computed ROCE (22.08%) vs source snapshot (11.9%). Source is a point-in-time snapshot, computed is for year 2023-03. 

--- Entry 1156 ---
Company:     TECHM
Year:        2023-03
Metric:      ROE
Computed:    17.39
Source:      8.63
Difference:  8.76
Category:    version difference
Explanation: Computed ROE (17.39%) vs source snapshot (8.63%). Source is point-in-time, computed is for year 2023-03.

--- Entry 1157 ---
Company:     TECHM
Year:        2022-03
Metric:      ROCE
Computed:    25.81
Source:      11.9
Difference:  13.91
Category:    formula discrepancy
Explanation: Computed ROCE (25.81%) vs source snapshot (11.9%). Source is a point-in-time snapshot, computed is for year 2022-03. 

--- Entry 1158 ---
Company:     TECHM
Year:        2022-03
Metric:      ROE
Computed:    20.94
Source:      8.63
Difference:  12.31
Category:    version difference
Explanation: Computed ROE (20.94%) vs source snapshot (8.63%). Source is point-in-time, computed is for year 2022-03.

--- Entry 1159 ---
Company:     TECHM
Year:        2021-03
Metric:      ROCE
Computed:    22.07
Source:      11.9
Difference:  10.17
Category:    formula discrepancy
Explanation: Computed ROCE (22.07%) vs source snapshot (11.9%). Source is a point-in-time snapshot, computed is for year 2021-03. 

--- Entry 1160 ---
Company:     TECHM
Year:        2021-03
Metric:      ROE
Computed:    17.51
Source:      8.63
Difference:  8.88
Category:    version difference
Explanation: Computed ROE (17.51%) vs source snapshot (8.63%). Source is point-in-time, computed is for year 2021-03.

--- Entry 1161 ---
Company:     TECHM
Year:        2020-03
Metric:      ROCE
Computed:    20.6
Source:      11.9
Difference:  8.7
Category:    formula discrepancy
Explanation: Computed ROCE (20.60%) vs source snapshot (11.9%). Source is a point-in-time snapshot, computed is for year 2020-03. 

--- Entry 1162 ---
Company:     TECHM
Year:        2020-03
Metric:      ROE
Computed:    17.87
Source:      8.63
Difference:  9.24
Category:    version difference
Explanation: Computed ROE (17.87%) vs source snapshot (8.63%). Source is point-in-time, computed is for year 2020-03.

--- Entry 1163 ---
Company:     TECHM
Year:        2019-03
Metric:      ROCE
Computed:    25.47
Source:      11.9
Difference:  13.57
Category:    formula discrepancy
Explanation: Computed ROCE (25.47%) vs source snapshot (11.9%). Source is a point-in-time snapshot, computed is for year 2019-03. 

--- Entry 1164 ---
Company:     TECHM
Year:        2019-03
Metric:      ROE
Computed:    21.14
Source:      8.63
Difference:  12.51
Category:    version difference
Explanation: Computed ROE (21.14%) vs source snapshot (8.63%). Source is point-in-time, computed is for year 2019-03.

--- Entry 1165 ---
Company:     TECHM
Year:        2018-03
Metric:      ROCE
Computed:    23.73
Source:      11.9
Difference:  11.83
Category:    formula discrepancy
Explanation: Computed ROCE (23.73%) vs source snapshot (11.9%). Source is a point-in-time snapshot, computed is for year 2018-03. 

--- Entry 1166 ---
Company:     TECHM
Year:        2018-03
Metric:      ROE
Computed:    20.09
Source:      8.63
Difference:  11.46
Category:    version difference
Explanation: Computed ROE (20.09%) vs source snapshot (8.63%). Source is point-in-time, computed is for year 2018-03.

--- Entry 1167 ---
Company:     TECHM
Year:        2017-03
Metric:      ROCE
Computed:    22.37
Source:      11.9
Difference:  10.47
Category:    formula discrepancy
Explanation: Computed ROCE (22.37%) vs source snapshot (11.9%). Source is a point-in-time snapshot, computed is for year 2017-03. 

--- Entry 1168 ---
Company:     TECHM
Year:        2017-03
Metric:      ROE
Computed:    17.35
Source:      8.63
Difference:  8.72
Category:    version difference
Explanation: Computed ROE (17.35%) vs source snapshot (8.63%). Source is point-in-time, computed is for year 2017-03.

--- Entry 1169 ---
Company:     TECHM
Year:        2016-03
Metric:      ROCE
Computed:    25.21
Source:      11.9
Difference:  13.31
Category:    formula discrepancy
Explanation: Computed ROCE (25.21%) vs source snapshot (11.9%). Source is a point-in-time snapshot, computed is for year 2016-03. 

--- Entry 1170 ---
Company:     TECHM
Year:        2016-03
Metric:      ROE
Computed:    20.75
Source:      8.63
Difference:  12.12
Category:    version difference
Explanation: Computed ROE (20.75%) vs source snapshot (8.63%). Source is point-in-time, computed is for year 2016-03.

--- Entry 1171 ---
Company:     TORNTPHARM
Year:        2022-03
Metric:      ROCE
Computed:    14.78
Source:      23.2
Difference:  8.42
Category:    formula discrepancy
Explanation: Computed ROCE (14.78%) vs source snapshot (23.2%). Source is a point-in-time snapshot, computed is for year 2022-03. 

--- Entry 1172 ---
Company:     TORNTPHARM
Year:        2022-03
Metric:      ROE
Computed:    13.05
Source:      24.2
Difference:  11.15
Category:    version difference
Explanation: Computed ROE (13.05%) vs source snapshot (24.2%). Source is point-in-time, computed is for year 2022-03.

--- Entry 1173 ---
Company:     TORNTPHARM
Year:        2021-03
Metric:      ROCE
Computed:    17.54
Source:      23.2
Difference:  5.66
Category:    formula discrepancy
Explanation: Computed ROCE (17.54%) vs source snapshot (23.2%). Source is a point-in-time snapshot, computed is for year 2021-03. 

--- Entry 1174 ---
Company:     TORNTPHARM
Year:        2020-03
Metric:      ROCE
Computed:    15.44
Source:      23.2
Difference:  7.76
Category:    formula discrepancy
Explanation: Computed ROCE (15.44%) vs source snapshot (23.2%). Source is a point-in-time snapshot, computed is for year 2020-03. 

--- Entry 1175 ---
Company:     TORNTPHARM
Year:        2019-03
Metric:      ROCE
Computed:    9.9
Source:      23.2
Difference:  13.3
Category:    formula discrepancy
Explanation: Computed ROCE (9.90%) vs source snapshot (23.2%). Source is a point-in-time snapshot, computed is for year 2019-03. 

--- Entry 1176 ---
Company:     TORNTPHARM
Year:        2019-03
Metric:      ROE
Computed:    9.23
Source:      24.2
Difference:  14.97
Category:    version difference
Explanation: Computed ROE (9.23%) vs source snapshot (24.2%). Source is point-in-time, computed is for year 2019-03.

--- Entry 1177 ---
Company:     TORNTPHARM
Year:        2018-03
Metric:      ROCE
Computed:    11.18
Source:      23.2
Difference:  12.02
Category:    formula discrepancy
Explanation: Computed ROCE (11.18%) vs source snapshot (23.2%). Source is a point-in-time snapshot, computed is for year 2018-03. 

--- Entry 1178 ---
Company:     TORNTPHARM
Year:        2018-03
Metric:      ROE
Computed:    14.67
Source:      24.2
Difference:  9.53
Category:    version difference
Explanation: Computed ROE (14.67%) vs source snapshot (24.2%). Source is point-in-time, computed is for year 2018-03.

--- Entry 1179 ---
Company:     TORNTPHARM
Year:        2016-03
Metric:      ROCE
Computed:    43.23
Source:      23.2
Difference:  20.03
Category:    formula discrepancy
Explanation: Computed ROCE (43.23%) vs source snapshot (23.2%). Source is a point-in-time snapshot, computed is for year 2016-03. 

--- Entry 1180 ---
Company:     TORNTPHARM
Year:        2016-03
Metric:      ROE
Computed:    49.6
Source:      24.2
Difference:  25.4
Category:    version difference
Explanation: Computed ROE (49.60%) vs source snapshot (24.2%). Source is point-in-time, computed is for year 2016-03.

--- Entry 1181 ---
Company:     TORNTPHARM
Year:        2015-03
Metric:      ROE
Computed:    30.15
Source:      24.2
Difference:  5.95
Category:    version difference
Explanation: Computed ROE (30.15%) vs source snapshot (24.2%). Source is point-in-time, computed is for year 2015-03.

--- Entry 1182 ---
Company:     TORNTPHARM
Year:        2014-03
Metric:      ROCE
Computed:    29.75
Source:      23.2
Difference:  6.55
Category:    formula discrepancy
Explanation: Computed ROCE (29.75%) vs source snapshot (23.2%). Source is a point-in-time snapshot, computed is for year 2014-03. 

--- Entry 1183 ---
Company:     TORNTPHARM
Year:        2014-03
Metric:      ROE
Computed:    34.89
Source:      24.2
Difference:  10.69
Category:    version difference
Explanation: Computed ROE (34.89%) vs source snapshot (24.2%). Source is point-in-time, computed is for year 2014-03.

--- Entry 1184 ---
Company:     TORNTPHARM
Year:        2013-03
Metric:      ROCE
Computed:    29.13
Source:      23.2
Difference:  5.93
Category:    formula discrepancy
Explanation: Computed ROCE (29.13%) vs source snapshot (23.2%). Source is a point-in-time snapshot, computed is for year 2013-03. 

--- Entry 1185 ---
Company:     TORNTPHARM
Year:        2013-03
Metric:      ROE
Computed:    30.59
Source:      24.2
Difference:  6.39
Category:    version difference
Explanation: Computed ROE (30.59%) vs source snapshot (24.2%). Source is point-in-time, computed is for year 2013-03.

--- Entry 1186 ---
Company:     TITAN
Year:        2023-03
Metric:      ROE
Computed:    27.63
Source:      32.9
Difference:  5.27
Category:    version difference
Explanation: Computed ROE (27.63%) vs source snapshot (32.9%). Source is point-in-time, computed is for year 2023-03.

--- Entry 1187 ---
Company:     TITAN
Year:        2022-03
Metric:      ROE
Computed:    23.63
Source:      32.9
Difference:  9.27
Category:    version difference
Explanation: Computed ROE (23.63%) vs source snapshot (32.9%). Source is point-in-time, computed is for year 2022-03.

--- Entry 1188 ---
Company:     TITAN
Year:        2021-03
Metric:      ROCE
Computed:    11.65
Source:      22.7
Difference:  11.05
Category:    formula discrepancy
Explanation: Computed ROCE (11.65%) vs source snapshot (22.7%). Source is a point-in-time snapshot, computed is for year 2021-03. 

--- Entry 1189 ---
Company:     TITAN
Year:        2021-03
Metric:      ROE
Computed:    12.99
Source:      32.9
Difference:  19.91
Category:    version difference
Explanation: Computed ROE (12.99%) vs source snapshot (32.9%). Source is point-in-time, computed is for year 2021-03.

--- Entry 1190 ---
Company:     TITAN
Year:        2020-03
Metric:      ROE
Computed:    22.39
Source:      32.9
Difference:  10.51
Category:    version difference
Explanation: Computed ROE (22.39%) vs source snapshot (32.9%). Source is point-in-time, computed is for year 2020-03.

--- Entry 1191 ---
Company:     TRENT
Year:        2024-03
Metric:      ROCE
Computed:    39.32
Source:      23.8
Difference:  15.52
Category:    formula discrepancy
Explanation: Computed ROCE (39.32%) vs source snapshot (23.8%). Source is a point-in-time snapshot, computed is for year 2024-03. 

--- Entry 1192 ---
Company:     TRENT
Year:        2024-03
Metric:      ROE
Computed:    36.31
Source:      27.2
Difference:  9.11
Category:    version difference
Explanation: Computed ROE (36.31%) vs source snapshot (27.2%). Source is point-in-time, computed is for year 2024-03.

--- Entry 1193 ---
Company:     TRENT
Year:        2023-03
Metric:      ROCE
Computed:    13.61
Source:      23.8
Difference:  10.19
Category:    formula discrepancy
Explanation: Computed ROCE (13.61%) vs source snapshot (23.8%). Source is a point-in-time snapshot, computed is for year 2023-03. 

--- Entry 1194 ---
Company:     TRENT
Year:        2023-03
Metric:      ROE
Computed:    15.18
Source:      27.2
Difference:  12.02
Category:    version difference
Explanation: Computed ROE (15.18%) vs source snapshot (27.2%). Source is point-in-time, computed is for year 2023-03.

--- Entry 1195 ---
Company:     TRENT
Year:        2022-03
Metric:      ROCE
Computed:    6.15
Source:      23.8
Difference:  17.65
Category:    formula discrepancy
Explanation: Computed ROCE (6.15%) vs source snapshot (23.8%). Source is a point-in-time snapshot, computed is for year 2022-03. 

--- Entry 1196 ---
Company:     TRENT
Year:        2022-03
Metric:      ROE
Computed:    1.48
Source:      27.2
Difference:  25.72
Category:    version difference
Explanation: Computed ROE (1.48%) vs source snapshot (27.2%). Source is point-in-time, computed is for year 2022-03.

--- Entry 1197 ---
Company:     TRENT
Year:        2021-03
Metric:      ROCE
Computed:    2.14
Source:      23.8
Difference:  21.66
Category:    formula discrepancy
Explanation: Computed ROCE (2.14%) vs source snapshot (23.8%). Source is a point-in-time snapshot, computed is for year 2021-03. 

--- Entry 1198 ---
Company:     TRENT
Year:        2021-03
Metric:      ROE
Computed:    -7.83
Source:      27.2
Difference:  35.03
Category:    version difference
Explanation: Computed ROE (-7.83%) vs source snapshot (27.2%). Source is point-in-time, computed is for year 2021-03.

--- Entry 1199 ---
Company:     TRENT
Year:        2020-03
Metric:      ROCE
Computed:    15.92
Source:      23.8
Difference:  7.88
Category:    formula discrepancy
Explanation: Computed ROCE (15.92%) vs source snapshot (23.8%). Source is a point-in-time snapshot, computed is for year 2020-03. 

--- Entry 1200 ---
Company:     TRENT
Year:        2020-03
Metric:      ROE
Computed:    4.44
Source:      27.2
Difference:  22.76
Category:    version difference
Explanation: Computed ROE (4.44%) vs source snapshot (27.2%). Source is point-in-time, computed is for year 2020-03.

--- Entry 1201 ---
Company:     TRENT
Year:        2019-03
Metric:      ROCE
Computed:    10.09
Source:      23.8
Difference:  13.71
Category:    formula discrepancy
Explanation: Computed ROCE (10.09%) vs source snapshot (23.8%). Source is a point-in-time snapshot, computed is for year 2019-03. 

--- Entry 1202 ---
Company:     TRENT
Year:        2019-03
Metric:      ROE
Computed:    5.77
Source:      27.2
Difference:  21.43
Category:    version difference
Explanation: Computed ROE (5.77%) vs source snapshot (27.2%). Source is point-in-time, computed is for year 2019-03.

--- Entry 1203 ---
Company:     TRENT
Year:        2018-03
Metric:      ROCE
Computed:    9.62
Source:      23.8
Difference:  14.18
Category:    formula discrepancy
Explanation: Computed ROCE (9.62%) vs source snapshot (23.8%). Source is a point-in-time snapshot, computed is for year 2018-03. 

--- Entry 1204 ---
Company:     TRENT
Year:        2018-03
Metric:      ROE
Computed:    5.45
Source:      27.2
Difference:  21.75
Category:    version difference
Explanation: Computed ROE (5.45%) vs source snapshot (27.2%). Source is point-in-time, computed is for year 2018-03.

--- Entry 1205 ---
Company:     TRENT
Year:        2017-03
Metric:      ROCE
Computed:    8.97
Source:      23.8
Difference:  14.83
Category:    formula discrepancy
Explanation: Computed ROCE (8.97%) vs source snapshot (23.8%). Source is a point-in-time snapshot, computed is for year 2017-03. 

--- Entry 1206 ---
Company:     TRENT
Year:        2017-03
Metric:      ROE
Computed:    5.49
Source:      27.2
Difference:  21.71
Category:    version difference
Explanation: Computed ROE (5.49%) vs source snapshot (27.2%). Source is point-in-time, computed is for year 2017-03.

--- Entry 1207 ---
Company:     TRENT
Year:        2016-03
Metric:      ROCE
Computed:    7.4
Source:      23.8
Difference:  16.4
Category:    formula discrepancy
Explanation: Computed ROCE (7.40%) vs source snapshot (23.8%). Source is a point-in-time snapshot, computed is for year 2016-03. 

--- Entry 1208 ---
Company:     TRENT
Year:        2016-03
Metric:      ROE
Computed:    3.76
Source:      27.2
Difference:  23.44
Category:    version difference
Explanation: Computed ROE (3.76%) vs source snapshot (27.2%). Source is point-in-time, computed is for year 2016-03.

--- Entry 1209 ---
Company:     TRENT
Year:        2015-03
Metric:      ROCE
Computed:    13.14
Source:      23.8
Difference:  10.66
Category:    formula discrepancy
Explanation: Computed ROCE (13.14%) vs source snapshot (23.8%). Source is a point-in-time snapshot, computed is for year 2015-03. 

--- Entry 1210 ---
Company:     TRENT
Year:        2015-03
Metric:      ROE
Computed:    9.07
Source:      27.2
Difference:  18.13
Category:    version difference
Explanation: Computed ROE (9.07%) vs source snapshot (27.2%). Source is point-in-time, computed is for year 2015-03.

--- Entry 1211 ---
Company:     TRENT
Year:        2014-03
Metric:      ROCE
Computed:    2.04
Source:      23.8
Difference:  21.76
Category:    formula discrepancy
Explanation: Computed ROCE (2.04%) vs source snapshot (23.8%). Source is a point-in-time snapshot, computed is for year 2014-03. 

--- Entry 1212 ---
Company:     TRENT
Year:        2014-03
Metric:      ROE
Computed:    -1.92
Source:      27.2
Difference:  29.12
Category:    version difference
Explanation: Computed ROE (-1.92%) vs source snapshot (27.2%). Source is point-in-time, computed is for year 2014-03.

--- Entry 1213 ---
Company:     TRENT
Year:        2013-03
Metric:      ROCE
Computed:    1.21
Source:      23.8
Difference:  22.59
Category:    formula discrepancy
Explanation: Computed ROCE (1.21%) vs source snapshot (23.8%). Source is a point-in-time snapshot, computed is for year 2013-03. 

--- Entry 1214 ---
Company:     TRENT
Year:        2013-03
Metric:      ROE
Computed:    -2.19
Source:      27.2
Difference:  29.39
Category:    version difference
Explanation: Computed ROE (-2.19%) vs source snapshot (27.2%). Source is point-in-time, computed is for year 2013-03.

--- Entry 1215 ---
Company:     ABB
Year:        2017-03
Metric:      ROCE
Computed:    31.58
Source:      46.0
Difference:  14.42
Category:    formula discrepancy
Explanation: Computed ROCE (31.58%) vs source snapshot (46.0%). Source is a point-in-time snapshot, computed is for year 2017-03. 

--- Entry 1216 ---
Company:     ABB
Year:        2017-03
Metric:      ROE
Computed:    19.97
Source:      34.9
Difference:  14.93
Category:    version difference
Explanation: Computed ROE (19.97%) vs source snapshot (34.9%). Source is point-in-time, computed is for year 2017-03.

--- Entry 1217 ---
Company:     INDIGO
Year:        2023-03
Metric:      ROCE
Computed:    141.19
Source:      24.5
Difference:  116.69
Category:    formula discrepancy
Explanation: Computed ROCE (141.19%) vs source snapshot (24.5%). Source is a point-in-time snapshot, computed is for year 2023-03. 

--- Entry 1218 ---
Company:     INDIGO
Year:        2022-03
Metric:      ROCE
Computed:    -822.66
Source:      24.5
Difference:  847.16
Category:    formula discrepancy
Explanation: Computed ROCE (-822.66%) vs source snapshot (24.5%). Source is a point-in-time snapshot, computed is for year 2022-03. 

--- Entry 1219 ---
Company:     INDIGO
Year:        2021-03
Metric:      ROCE
Computed:    -836.65
Source:      24.5
Difference:  861.15
Category:    formula discrepancy
Explanation: Computed ROCE (-836.65%) vs source snapshot (24.5%). Source is a point-in-time snapshot, computed is for year 2021-03. 

--- Entry 1220 ---
Company:     INDIGO
Year:        2020-03
Metric:      ROCE
Computed:    494.49
Source:      24.5
Difference:  469.99
Category:    formula discrepancy
Explanation: Computed ROCE (494.49%) vs source snapshot (24.5%). Source is a point-in-time snapshot, computed is for year 2020-03. 

--- Entry 1221 ---
Company:     INDIGO
Year:        2019-03
Metric:      ROCE
Computed:    541.94
Source:      24.5
Difference:  517.44
Category:    formula discrepancy
Explanation: Computed ROCE (541.94%) vs source snapshot (24.5%). Source is a point-in-time snapshot, computed is for year 2019-03. 

--- Entry 1222 ---
Company:     INDIGO
Year:        2018-03
Metric:      ROCE
Computed:    2645.45
Source:      24.5
Difference:  2620.95
Category:    formula discrepancy
Explanation: Computed ROCE (2645.45%) vs source snapshot (24.5%). Source is a point-in-time snapshot, computed is for year 2018-03. 

--- Entry 1223 ---
Company:     INDIGO
Year:        2017-03
Metric:      ROCE
Computed:    1955.33
Source:      24.5
Difference:  1930.83
Category:    formula discrepancy
Explanation: Computed ROCE (1955.33%) vs source snapshot (24.5%). Source is a point-in-time snapshot, computed is for year 2017-03. 

--- Entry 1224 ---
Company:     INDIGO
Year:        2016-03
Metric:      ROCE
Computed:    2430.13
Source:      24.5
Difference:  2405.63
Category:    formula discrepancy
Explanation: Computed ROCE (2430.13%) vs source snapshot (24.5%). Source is a point-in-time snapshot, computed is for year 2016-03. 

--- Entry 1225 ---
Company:     INDIGO
Year:        2015-03
Metric:      ROCE
Computed:    7375.0
Source:      24.5
Difference:  7350.5
Category:    formula discrepancy
Explanation: Computed ROCE (7375.00%) vs source snapshot (24.5%). Source is a point-in-time snapshot, computed is for year 2015-03. 

--- Entry 1226 ---
Company:     INDIGO
Year:        2014-03
Metric:      ROCE
Computed:    4706.52
Source:      24.5
Difference:  4682.02
Category:    formula discrepancy
Explanation: Computed ROCE (4706.52%) vs source snapshot (24.5%). Source is a point-in-time snapshot, computed is for year 2014-03. 

--- Entry 1227 ---
Company:     INDIGO
Year:        2013-03
Metric:      ROCE
Computed:    8370.13
Source:      24.5
Difference:  8345.63
Category:    formula discrepancy
Explanation: Computed ROCE (8370.13%) vs source snapshot (24.5%). Source is a point-in-time snapshot, computed is for year 2013-03. 

--- Entry 1228 ---
Company:     ADANIENSOL
Year:        2021-03
Metric:      ROE
Computed:    14.46
Source:      8.59
Difference:  5.87
Category:    version difference
Explanation: Computed ROE (14.46%) vs source snapshot (8.59%). Source is point-in-time, computed is for year 2021-03.

--- Entry 1229 ---
Company:     ADANIENSOL
Year:        2018-03
Metric:      ROCE
Computed:    14.3
Source:      9.0
Difference:  5.3
Category:    formula discrepancy
Explanation: Computed ROCE (14.30%) vs source snapshot (9.0%). Source is a point-in-time snapshot, computed is for year 2018-03. 

--- Entry 1230 ---
Company:     ADANIENSOL
Year:        2018-03
Metric:      ROE
Computed:    18.87
Source:      8.59
Difference:  10.28
Category:    version difference
Explanation: Computed ROE (18.87%) vs source snapshot (8.59%). Source is point-in-time, computed is for year 2018-03.

--- Entry 1231 ---
Company:     ADANIENSOL
Year:        2017-03
Metric:      ROE
Computed:    14.12
Source:      8.59
Difference:  5.53
Category:    version difference
Explanation: Computed ROE (14.12%) vs source snapshot (8.59%). Source is point-in-time, computed is for year 2017-03.

--- Entry 1232 ---
Company:     ADANIENSOL
Year:        2016-03
Metric:      ROE
Computed:    13.77
Source:      8.59
Difference:  5.18
Category:    version difference
Explanation: Computed ROE (13.77%) vs source snapshot (8.59%). Source is point-in-time, computed is for year 2016-03.

--- Entry 1233 ---
Company:     ADANIENSOL
Year:        2015-03
Metric:      ROCE
Computed:    0.63
Source:      9.0
Difference:  8.37
Category:    formula discrepancy
Explanation: Computed ROCE (0.63%) vs source snapshot (9.0%). Source is a point-in-time snapshot, computed is for year 2015-03. 

--- Entry 1234 ---
Company:     ADANIENSOL
Year:        2015-03
Metric:      ROE
Computed:    -0.65
Source:      8.59
Difference:  9.24
Category:    version difference
Explanation: Computed ROE (-0.65%) vs source snapshot (8.59%). Source is point-in-time, computed is for year 2015-03.

--- Entry 1235 ---
Company:     ABB
Year:        2023-03
Metric:      ROCE
Computed:    39.08
Source:      46.0
Difference:  6.92
Category:    formula discrepancy
Explanation: Computed ROCE (39.08%) vs source snapshot (46.0%). Source is a point-in-time snapshot, computed is for year 2023-03. 

--- Entry 1236 ---
Company:     ABB
Year:        2023-03
Metric:      ROE
Computed:    29.77
Source:      34.9
Difference:  5.13
Category:    version difference
Explanation: Computed ROE (29.77%) vs source snapshot (34.9%). Source is point-in-time, computed is for year 2023-03.

--- Entry 1237 ---
Company:     ABB
Year:        2022-03
Metric:      ROCE
Computed:    36.98
Source:      46.0
Difference:  9.02
Category:    formula discrepancy
Explanation: Computed ROCE (36.98%) vs source snapshot (46.0%). Source is a point-in-time snapshot, computed is for year 2022-03. 

--- Entry 1238 ---
Company:     ABB
Year:        2022-03
Metric:      ROE
Computed:    28.33
Source:      34.9
Difference:  6.57
Category:    version difference
Explanation: Computed ROE (28.33%) vs source snapshot (34.9%). Source is point-in-time, computed is for year 2022-03.

--- Entry 1239 ---
Company:     ABB
Year:        2021-03
Metric:      ROCE
Computed:    34.26
Source:      46.0
Difference:  11.74
Category:    formula discrepancy
Explanation: Computed ROCE (34.26%) vs source snapshot (46.0%). Source is a point-in-time snapshot, computed is for year 2021-03. 

--- Entry 1240 ---
Company:     ABB
Year:        2021-03
Metric:      ROE
Computed:    26.56
Source:      34.9
Difference:  8.34
Category:    version difference
Explanation: Computed ROE (26.56%) vs source snapshot (34.9%). Source is point-in-time, computed is for year 2021-03.

--- Entry 1241 ---
Company:     ABB
Year:        2020-03
Metric:      ROCE
Computed:    31.16
Source:      46.0
Difference:  14.84
Category:    formula discrepancy
Explanation: Computed ROCE (31.16%) vs source snapshot (46.0%). Source is a point-in-time snapshot, computed is for year 2020-03. 

--- Entry 1242 ---
Company:     ABB
Year:        2020-03
Metric:      ROE
Computed:    24.39
Source:      34.9
Difference:  10.51
Category:    version difference
Explanation: Computed ROE (24.39%) vs source snapshot (34.9%). Source is point-in-time, computed is for year 2020-03.

--- Entry 1243 ---
Company:     ABB
Year:        2019-03
Metric:      ROCE
Computed:    34.91
Source:      46.0
Difference:  11.09
Category:    formula discrepancy
Explanation: Computed ROCE (34.91%) vs source snapshot (46.0%). Source is a point-in-time snapshot, computed is for year 2019-03. 

--- Entry 1244 ---
Company:     ABB
Year:        2019-03
Metric:      ROE
Computed:    22.41
Source:      34.9
Difference:  12.49
Category:    version difference
Explanation: Computed ROE (22.41%) vs source snapshot (34.9%). Source is point-in-time, computed is for year 2019-03.

--- Entry 1245 ---
Company:     ABB
Year:        2018-03
Metric:      ROCE
Computed:    36.92
Source:      46.0
Difference:  9.08
Category:    formula discrepancy
Explanation: Computed ROCE (36.92%) vs source snapshot (46.0%). Source is a point-in-time snapshot, computed is for year 2018-03. 

--- Entry 1246 ---
Company:     ABB
Year:        2018-03
Metric:      ROE
Computed:    23.69
Source:      34.9
Difference:  11.21
Category:    version difference
Explanation: Computed ROE (23.69%) vs source snapshot (34.9%). Source is point-in-time, computed is for year 2018-03.

--- Entry 1247 ---
Company:     SIEMENS
Year:        2011-09
Metric:      ROCE
Computed:    34.49
Source:      25.6
Difference:  8.89
Category:    formula discrepancy
Explanation: Computed ROCE (34.49%) vs source snapshot (25.6%). Source is a point-in-time snapshot, computed is for year 2011-09. 

--- Entry 1248 ---
Company:     GODREJCP
Year:        2024-03
Metric:      ROCE
Computed:    3.21
Source:      26.49
Difference:  23.28
Category:    formula discrepancy
Explanation: Computed ROCE (3.21%) vs source snapshot (26.49%). Source is a point-in-time snapshot, computed is for year 2024-03. 

--- Entry 1249 ---
Company:     GODREJCP
Year:        2024-03
Metric:      ROE
Computed:    -4.45
Source:      6.77
Difference:  11.22
Category:    version difference
Explanation: Computed ROE (-4.45%) vs source snapshot (6.77%). Source is point-in-time, computed is for year 2024-03.

--- Entry 1250 ---
Company:     LICI
Year:        2020-03
Metric:      ROCE
Computed:    5.32
Source:      63.79
Difference:  58.47
Category:    version difference
Explanation: Computed ROCE (5.32%) vs source snapshot (63.79%). Source is a point-in-time snapshot, computed is for year 2020-03. Financials sector — structural differences expected.

--- Entry 1251 ---
Company:     LICI
Year:        2020-03
Metric:      ROE
Computed:    270.46
Source:      63.61
Difference:  206.85
Category:    version difference
Explanation: Computed ROE (270.46%) vs source snapshot (63.61%). Source is point-in-time, computed is for year 2020-03.

--- Entry 1252 ---
Company:     LICI
Year:        2019-03
Metric:      ROCE
Computed:    3.03
Source:      63.79
Difference:  60.76
Category:    version difference
Explanation: Computed ROCE (3.03%) vs source snapshot (63.79%). Source is a point-in-time snapshot, computed is for year 2019-03. Financials sector — structural differences expected.

--- Entry 1253 ---
Company:     LICI
Year:        2019-03
Metric:      ROE
Computed:    324.32
Source:      63.61
Difference:  260.71
Category:    version difference
Explanation: Computed ROE (324.32%) vs source snapshot (63.61%). Source is point-in-time, computed is for year 2019-03.

--- Entry 1254 ---
Company:     ADANIENSOL
Year:        2014-03
Metric:      ROCE
Computed:    0.0
Source:      9.0
Difference:  9.0
Category:    formula discrepancy
Explanation: Computed ROCE (0.00%) vs source snapshot (9.0%). Source is a point-in-time snapshot, computed is for year 2014-03. 

--- Entry 1255 ---
Company:     ADANIENSOL
Year:        2014-03
Metric:      ROE
Computed:    0.0
Source:      8.59
Difference:  8.59
Category:    version difference
Explanation: Computed ROE (0.00%) vs source snapshot (8.59%). Source is point-in-time, computed is for year 2014-03.

--- Entry 1256 ---
Company:     PNB
Year:        2020-03
Metric:      ROCE
Computed:    49.98
Source:      1.63
Difference:  48.35
Category:    version difference
Explanation: Computed ROCE (49.98%) vs source snapshot (1.63%). Source is a point-in-time snapshot, computed is for year 2020-03. Financials sector — structural differences expected.

--- Entry 1257 ---
Company:     PNB
Year:        2019-03
Metric:      ROCE
Computed:    24.32
Source:      1.63
Difference:  22.69
Category:    version difference
Explanation: Computed ROCE (24.32%) vs source snapshot (1.63%). Source is a point-in-time snapshot, computed is for year 2019-03. Financials sector — structural differences expected.

--- Entry 1258 ---
Company:     PNB
Year:        2019-03
Metric:      ROE
Computed:    -128.45
Source:      8.7
Difference:  137.15
Category:    version difference
Explanation: Computed ROE (-128.45%) vs source snapshot (8.7%). Source is point-in-time, computed is for year 2019-03.

--- Entry 1259 ---
Company:     PNB
Year:        2021-03
Metric:      ROCE
Computed:    80.76
Source:      1.63
Difference:  79.13
Category:    version difference
Explanation: Computed ROCE (80.76%) vs source snapshot (1.63%). Source is a point-in-time snapshot, computed is for year 2021-03. Financials sector — structural differences expected.

--- Entry 1260 ---
Company:     PNB
Year:        2021-03
Metric:      ROE
Computed:    30.39
Source:      8.7
Difference:  21.69
Category:    version difference
Explanation: Computed ROE (30.39%) vs source snapshot (8.7%). Source is point-in-time, computed is for year 2021-03.

--- Entry 1261 ---
Company:     PNB
Year:        2022-03
Metric:      ROCE
Computed:    82.29
Source:      1.63
Difference:  80.66
Category:    version difference
Explanation: Computed ROCE (82.29%) vs source snapshot (1.63%). Source is a point-in-time snapshot, computed is for year 2022-03. Financials sector — structural differences expected.

--- Entry 1262 ---
Company:     PNB
Year:        2022-03
Metric:      ROE
Computed:    39.87
Source:      8.7
Difference:  31.17
Category:    version difference
Explanation: Computed ROE (39.87%) vs source snapshot (8.7%). Source is point-in-time, computed is for year 2022-03.

--- Entry 1263 ---
Company:     PNB
Year:        2016-03
Metric:      ROCE
Computed:    103.12
Source:      1.63
Difference:  101.49
Category:    version difference
Explanation: Computed ROCE (103.12%) vs source snapshot (1.63%). Source is a point-in-time snapshot, computed is for year 2016-03. Financials sector — structural differences expected.

--- Entry 1264 ---
Company:     PNB
Year:        2016-03
Metric:      ROE
Computed:    -163.56
Source:      8.7
Difference:  172.26
Category:    version difference
Explanation: Computed ROE (-163.56%) vs source snapshot (8.7%). Source is point-in-time, computed is for year 2016-03.

--- Entry 1265 ---
Company:     PNB
Year:        2015-03
Metric:      ROCE
Computed:    197.9
Source:      1.63
Difference:  196.27
Category:    version difference
Explanation: Computed ROCE (197.90%) vs source snapshot (1.63%). Source is a point-in-time snapshot, computed is for year 2015-03. Financials sector — structural differences expected.

--- Entry 1266 ---
Company:     PNB
Year:        2015-03
Metric:      ROE
Computed:    223.24
Source:      8.7
Difference:  214.54
Category:    version difference
Explanation: Computed ROE (223.24%) vs source snapshot (8.7%). Source is point-in-time, computed is for year 2015-03.

--- Entry 1267 ---
Company:     PNB
Year:        2014-03
Metric:      ROCE
Computed:    300.57
Source:      1.63
Difference:  298.94
Category:    version difference
Explanation: Computed ROCE (300.57%) vs source snapshot (1.63%). Source is a point-in-time snapshot, computed is for year 2014-03. Financials sector — structural differences expected.

--- Entry 1268 ---
Company:     PNB
Year:        2014-03
Metric:      ROE
Computed:    393.36
Source:      8.7
Difference:  384.66
Category:    version difference
Explanation: Computed ROE (393.36%) vs source snapshot (8.7%). Source is point-in-time, computed is for year 2014-03.

--- Entry 1269 ---
Company:     PNB
Year:        2013-03
Metric:      ROCE
Computed:    472.97
Source:      1.63
Difference:  471.34
Category:    version difference
Explanation: Computed ROCE (472.97%) vs source snapshot (1.63%). Source is a point-in-time snapshot, computed is for year 2013-03. Financials sector — structural differences expected.

--- Entry 1270 ---
Company:     PNB
Year:        2013-03
Metric:      ROE
Computed:    812.3
Source:      8.7
Difference:  803.6
Category:    version difference
Explanation: Computed ROE (812.30%) vs source snapshot (8.7%). Source is point-in-time, computed is for year 2013-03.

--- Entry 1271 ---
Company:     PNB
Year:        2024-03
Metric:      ROCE
Computed:    118.22
Source:      1.63
Difference:  116.59
Category:    version difference
Explanation: Computed ROCE (118.22%) vs source snapshot (1.63%). Source is a point-in-time snapshot, computed is for year 2024-03. Financials sector — structural differences expected.

--- Entry 1272 ---
Company:     PNB
Year:        2024-03
Metric:      ROE
Computed:    61.32
Source:      8.7
Difference:  52.62
Category:    version difference
Explanation: Computed ROE (61.32%) vs source snapshot (8.7%). Source is point-in-time, computed is for year 2024-03.

--- Entry 1273 ---
Company:     PNB
Year:        2023-03
Metric:      ROCE
Computed:    88.22
Source:      1.63
Difference:  86.59
Category:    version difference
Explanation: Computed ROCE (88.22%) vs source snapshot (1.63%). Source is a point-in-time snapshot, computed is for year 2023-03. Financials sector — structural differences expected.

--- Entry 1274 ---
Company:     PNB
Year:        2023-03
Metric:      ROE
Computed:    30.67
Source:      8.7
Difference:  21.97
Category:    version difference
Explanation: Computed ROE (30.67%) vs source snapshot (8.7%). Source is point-in-time, computed is for year 2023-03.

--- Entry 1275 ---
Company:     PNB
Year:        2017-03
Metric:      ROCE
Computed:    83.41
Source:      1.63
Difference:  81.78
Category:    version difference
Explanation: Computed ROCE (83.41%) vs source snapshot (1.63%). Source is a point-in-time snapshot, computed is for year 2017-03. Financials sector — structural differences expected.

--- Entry 1276 ---
Company:     PNB
Year:        2017-03
Metric:      ROE
Computed:    22.21
Source:      8.7
Difference:  13.51
Category:    version difference
Explanation: Computed ROE (22.21%) vs source snapshot (8.7%). Source is point-in-time, computed is for year 2017-03.

--- Entry 1277 ---
Company:     PNB
Year:        2018-03
Metric:      ROCE
Computed:    22.67
Source:      1.63
Difference:  21.04
Category:    version difference
Explanation: Computed ROCE (22.67%) vs source snapshot (1.63%). Source is a point-in-time snapshot, computed is for year 2018-03. Financials sector — structural differences expected.

--- Entry 1278 ---
Company:     PNB
Year:        2018-03
Metric:      ROE
Computed:    -184.37
Source:      8.7
Difference:  193.07
Category:    version difference
Explanation: Computed ROE (-184.37%) vs source snapshot (8.7%). Source is point-in-time, computed is for year 2018-03.

--- Entry 1279 ---
Company:     ABB
Year:        2014-03
Metric:      DUPLICATE_ROW
Computed:    kept non-zero FCF row
Source:      financial_ratios.xlsx had 2 rows for ABB/Mar 2014
Difference:  N/A
Category:    data source issue
Explanation: Source financial_ratios.xlsx contains duplicate row for ABB Mar 2014. Row id=2 has FCF=11, capex=144 (valid). Row id=3 has FCF=0, capex=0 (erroneous). Kept the non-zero row per deduplication logic.

--- Entry 1280 ---
Company:     SBIN
Year:        ALL
Metric:      MISSING_BALANCE_SHEET
Computed:    NULL for BS-dependent KPIs
Source:      No balance sheet data in source
Difference:  N/A
Category:    data source issue
Explanation: SBIN (State Bank of India) has P&L and Cash Flow data but no Balance Sheet rows in the source. BS-dependent KPIs (ROE, ROCE, D/E, ROA, Asset Turnover, Net Debt) are set to NULL. No data fabrication performed.

--- Entry 1281 ---
Company:     VBL
Year:        ALL
Metric:      MISSING_BALANCE_SHEET
Computed:    NULL for BS-dependent KPIs
Source:      No balance sheet data in source
Difference:  N/A
Category:    data source issue
Explanation: VBL has P&L data but no Balance Sheet rows in the source. BS-dependent KPIs are set to NULL.

